study_hours,sleep_hours,past_marks,attendance_pct,extra_activities,final_marks
5.99,5.99,52.05,61.29,1.0,41.15
4.72,6.78,64.53,68.54,4.0,54.55
6.3,5.81,65.27,63.87,5.0,59.73
8.05,6.54,72.09,69.78,4.0,65.78
4.53,4.16,44.5,74.79,3.0,41.45
4.53,7.32,73.89,90.56,4.0,62.66
8.16,7.0,24.43,73.18,4.0,51.72
6.53,5.77,55.55,54.22,3.0,44.4
4.06,7.99,57.68,95.1,5.0,59.3
6.09,8.41,74.5,65.44,3.0,66.48
4.07,4.59,65.34,77.12,1.0,41.78
4.07,5.86,43.92,84.7,2.0,43.41
5.48,5.85,50.23,80.99,0.0,40.76
1.17,5.59,67.98,94.41,3.0,43.64
1.55,8.24,63.81,85.19,3.0,52.38
3.88,6.71,56.31,65.08,4.0,55.21
2.97,6.6,57.79,100.0,1.0,53.71
5.63,3.99,75.44,80.92,4.0,46.34
3.18,7.95,57.23,75.79,5.0,52.86
2.18,5.14,63.68,92.46,3.0,42.08
7.93,7.09,97.55,81.74,3.0,74.1
4.55,7.42,43.64,83.99,4.0,52.59
5.14,9.04,37.22,100.0,3.0,47.12
2.15,5.04,76.75,73.87,5.0,49.59
3.91,3.0,54.82,73.23,2.0,40.44
5.22,7.28,60.23,79.75,0.0,51.96
2.7,9.7,53.28,94.07,0.0,33.52
5.75,8.86,61.1,55.4,0.0,56.93
3.8,7.31,88.98,48.52,2.0,59.53
4.42,6.26,77.03,69.19,3.0,57.44
3.8,8.21,77.93,53.49,4.0,59.22
8.7,5.54,43.76,71.63,1.0,52.09
4.97,7.71,47.73,85.54,3.0,54.42
2.88,7.76,22.41,64.64,2.0,36.0
6.65,8.59,52.86,56.6,5.0,56.86
2.56,11.14,79.35,79.04,2.0,43.88
5.42,7.59,72.75,90.94,0.0,60.19
1.08,6.24,61.68,52.58,3.0,49.41
2.34,6.96,64.67,90.3,0.0,49.54
5.39,4.35,54.67,90.26,1.0,41.38
6.48,5.96,68.07,92.31,5.0,68.27
5.34,6.39,76.49,96.28,0.0,61.71
4.77,6.21,40.76,100.0,1.0,53.36
4.4,7.23,69.49,72.66,2.0,58.15
2.04,5.77,78.99,79.64,0.0,46.58
3.56,8.68,58.77,71.75,0.0,48.35
4.08,7.0,75.51,78.03,4.0,52.33
7.11,6.99,100.0,100.0,5.0,75.37
5.69,6.51,63.43,57.82,5.0,60.4
1.47,7.23,70.9,65.08,2.0,41.55
5.65,8.24,53.93,98.66,4.0,60.39
4.23,5.7,67.72,93.3,1.0,52.05
3.65,6.01,71.9,72.55,1.0,56.95
6.22,6.54,67.92,90.82,2.0,64.08
7.06,4.98,49.7,83.12,5.0,55.15
6.86,5.77,68.1,100.0,1.0,61.77
3.32,6.29,86.93,79.12,2.0,63.53
4.38,8.31,71.73,93.38,1.0,59.1
5.66,7.39,79.43,100.0,3.0,66.41
6.95,7.29,61.44,86.97,0.0,59.42
4.04,8.28,76.25,78.74,5.0,61.34
4.63,6.79,69.19,88.84,3.0,63.5
2.79,7.59,50.74,72.52,2.0,49.14
2.61,6.85,69.78,100.0,2.0,54.89
6.63,7.4,50.12,80.7,3.0,61.79
7.71,6.13,55.51,73.91,0.0,56.52
4.86,3.34,67.84,65.46,0.0,37.02
7.01,6.8,69.46,94.46,4.0,67.27
5.72,9.13,47.16,91.01,1.0,42.05
3.71,8.39,80.81,70.54,4.0,63.43
5.72,8.45,73.58,86.65,0.0,57.45
8.08,8.85,54.43,55.37,3.0,58.89
4.93,7.13,41.94,80.77,1.0,52.07
8.13,7.3,62.83,84.79,3.0,63.27
0.0,6.07,58.31,100.0,4.0,50.53
6.64,6.53,66.7,66.44,2.0,56.99
5.17,7.92,59.55,58.82,3.0,55.58
4.4,8.81,34.89,64.57,4.0,49.35
5.18,6.79,59.17,57.95,4.0,55.72
1.02,6.32,60.42,98.05,4.0,52.03
4.56,7.0,74.5,100.0,2.0,63.06
5.71,7.9,54.53,82.8,2.0,55.35
7.96,4.83,90.18,96.32,2.0,66.59
3.96,3.56,36.33,80.01,1.0,36.15
3.38,6.17,84.67,76.57,2.0,56.61
4.0,5.17,61.64,73.0,2.0,50.2
6.83,6.24,77.89,73.34,2.0,63.6
5.66,6.78,66.2,54.78,3.0,63.39
3.94,6.32,82.09,81.96,2.0,59.61
6.03,9.18,59.19,77.39,1.0,49.19
5.19,7.49,48.52,89.18,4.0,58.53
6.94,7.45,86.31,79.4,3.0,68.03
3.6,7.93,63.3,75.56,0.0,51.14
4.34,5.29,68.32,64.93,2.0,51.39
4.22,8.56,83.52,79.08,4.0,62.6
2.07,6.89,49.52,89.07,4.0,48.63
5.59,8.01,73.93,60.85,3.0,56.85
5.52,5.39,56.15,79.31,0.0,50.32
5.01,4.67,63.02,81.5,5.0,49.21
4.53,8.23,66.08,67.23,1.0,57.6
2.17,7.56,42.5,69.18,5.0,44.99
4.16,5.65,53.32,81.46,4.0,51.11
4.31,5.7,85.27,61.0,5.0,58.84
3.4,8.69,78.29,83.25,4.0,60.02
4.68,5.22,64.06,64.57,5.0,47.64
5.81,9.46,68.65,93.94,4.0,52.49
8.77,5.65,60.59,100.0,4.0,60.12
5.35,7.96,85.35,65.09,3.0,66.91
5.52,6.51,61.99,86.01,0.0,56.46
4.85,7.9,68.48,67.1,4.0,55.66
1.16,6.18,82.19,93.61,1.0,53.88
4.95,6.76,53.34,59.02,1.0,49.71
5.12,7.06,88.38,85.21,2.0,58.92
9.93,5.5,42.04,64.91,4.0,53.82
4.62,8.11,89.44,74.9,4.0,67.89
5.6,6.23,59.41,62.53,4.0,56.97
4.93,6.66,61.36,90.34,5.0,61.8
2.66,5.51,36.65,65.45,4.0,38.45
7.29,3.16,58.18,86.28,4.0,47.99
6.5,6.71,49.4,72.84,1.0,56.18
6.58,10.62,55.89,76.28,0.0,47.45
3.18,8.18,62.94,80.22,0.0,45.9
7.81,6.97,79.37,66.57,2.0,65.24
2.2,6.61,68.11,81.16,1.0,58.17
6.17,7.03,69.62,100.0,4.0,66.7
9.38,7.82,48.57,66.33,0.0,57.95
3.02,5.23,51.79,95.58,3.0,43.12
3.87,8.67,91.98,100.0,3.0,70.48
5.2,8.07,53.97,65.76,3.0,51.24
3.99,8.08,89.84,56.17,4.0,65.01
1.9,7.66,61.35,82.53,4.0,51.43
5.14,7.03,65.03,69.79,2.0,54.27
2.88,8.01,81.06,100.0,2.0,59.31
5.95,7.89,84.08,78.52,2.0,64.92
3.16,6.47,63.34,65.97,5.0,53.34
8.1,6.14,59.18,60.79,3.0,64.7
3.43,7.15,64.16,94.35,4.0,55.65
4.36,9.32,70.07,69.43,3.0,48.25
6.63,5.14,78.37,78.66,2.0,57.88
2.54,4.8,65.06,92.34,4.0,46.74
5.45,7.25,74.28,70.74,1.0,61.22
7.61,7.08,89.58,77.31,0.0,66.51
1.79,7.26,70.72,77.75,0.0,51.32
5.37,7.37,69.67,88.25,2.0,62.59
5.52,6.67,42.22,86.86,3.0,56.67
6.56,9.23,25.54,74.7,1.0,32.06
2.53,4.6,70.83,78.95,4.0,47.37
2.36,5.76,63.58,72.42,3.0,47.5
6.04,6.85,57.28,55.84,2.0,53.27
5.59,4.54,68.65,81.86,3.0,49.22
5.5,6.74,64.09,100.0,2.0,58.56
5.69,9.49,81.92,64.74,5.0,52.72
3.64,7.03,66.29,66.4,0.0,52.82
5.46,7.35,53.8,64.94,0.0,57.73
5.59,5.11,79.85,88.87,3.0,55.1
3.57,6.08,61.74,84.73,1.0,51.3
8.73,6.44,72.9,75.62,4.0,69.89
5.95,6.52,57.84,64.23,2.0,50.66
2.62,8.92,55.25,79.39,4.0,49.54
6.31,7.84,66.26,54.53,0.0,55.06
3.05,5.33,65.19,80.15,1.0,41.37
6.57,7.37,72.2,91.07,1.0,66.76
7.32,7.75,60.97,59.23,4.0,57.32
3.36,8.71,37.45,55.01,0.0,42.89
6.93,9.37,58.51,100.0,4.0,59.17
5.83,5.48,76.91,68.82,3.0,56.25
6.64,5.78,60.54,95.04,1.0,53.24
8.79,5.11,61.3,75.69,1.0,54.99
4.51,6.65,79.8,75.57,3.0,60.15
3.49,7.7,54.32,84.58,0.0,42.98
3.22,8.48,41.86,64.74,1.0,40.63
3.37,6.89,62.59,79.99,5.0,56.71
4.85,6.52,57.74,72.28,5.0,54.77
5.68,7.23,50.51,58.19,5.0,54.33
5.55,5.75,62.37,83.06,2.0,52.91
6.65,10.13,72.37,74.05,2.0,51.72
5.03,4.59,64.86,75.64,0.0,47.47
7.91,7.28,69.6,59.85,3.0,64.84
4.47,10.04,92.2,100.0,4.0,59.23
10.44,7.01,59.86,91.15,0.0,64.6
6.25,6.71,69.18,92.46,4.0,61.33
3.29,6.46,57.36,73.42,0.0,46.97
2.86,6.73,52.3,52.06,2.0,43.41
5.96,9.06,56.23,100.0,5.0,53.3
4.55,3.68,57.82,77.08,3.0,39.0
6.43,9.3,70.39,66.77,2.0,53.52
5.95,4.86,100.0,84.25,3.0,60.12
4.85,6.6,54.26,95.51,4.0,57.07
3.31,6.36,58.75,77.65,0.0,49.12
1.97,7.88,64.05,97.18,1.0,54.76
4.11,4.6,70.94,94.24,1.0,52.86
6.71,7.69,68.95,61.85,3.0,66.88
5.43,10.04,84.26,67.89,5.0,51.38
2.51,4.96,28.6,92.36,5.0,35.9
5.35,7.28,29.2,37.31,3.0,41.84
5.77,6.01,57.56,75.76,2.0,57.49
3.23,7.64,81.46,56.54,1.0,55.42
5.31,7.03,41.52,70.85,2.0,48.22
5.12,6.04,20.0,73.52,4.0,43.83
2.71,7.73,73.57,72.63,1.0,49.93
5.72,9.71,68.65,69.72,4.0,42.89
6.12,6.71,48.65,61.54,0.0,46.48
7.17,8.08,50.22,100.0,2.0,62.74
7.11,5.06,50.45,100.0,3.0,56.86
2.24,5.57,66.66,60.57,1.0,45.12
3.12,7.71,55.61,100.0,2.0,55.64
6.03,9.23,72.41,72.01,3.0,49.67
6.03,7.53,22.18,79.94,0.0,40.89
6.03,6.53,52.15,77.05,1.0,48.85
12.71,7.0,48.11,68.1,4.0,68.45
6.14,5.12,61.15,92.76,0.0,49.55
7.27,7.91,56.93,79.89,5.0,60.55
6.91,8.32,76.97,70.85,3.0,66.6
6.3,6.32,37.11,58.43,1.0,50.09
4.37,6.29,65.68,64.6,1.0,51.79
6.52,7.4,73.38,53.38,0.0,53.66
3.45,6.34,92.85,78.18,1.0,65.14
4.53,6.9,57.77,60.05,3.0,53.14
4.03,10.15,69.87,74.02,0.0,48.18
5.16,6.63,37.94,98.55,4.0,54.58
9.63,6.46,29.12,95.99,0.0,56.81
1.27,6.03,77.67,77.52,0.0,47.48
6.37,8.12,64.92,76.69,4.0,61.15
1.77,6.73,82.68,100.0,5.0,57.01
4.06,6.03,44.4,85.81,3.0,47.06
7.18,8.98,72.8,73.08,5.0,69.53
5.13,9.13,93.03,56.61,5.0,56.82
2.84,6.1,71.3,83.91,5.0,57.41
3.57,4.2,69.15,90.44,2.0,43.18
6.36,8.51,65.13,68.53,5.0,61.52
3.54,5.97,41.44,82.37,2.0,44.78
5.43,8.19,85.33,72.55,4.0,66.42
5.09,4.04,55.84,75.24,3.0,40.11
3.7,8.34,72.57,40.68,5.0,58.83
9.29,5.18,41.55,74.67,1.0,54.67
6.27,8.1,47.31,92.54,4.0,60.29
0.95,7.02,86.53,68.53,2.0,56.33
5.37,5.57,59.79,78.79,3.0,54.11
3.68,6.39,86.8,66.66,0.0,52.11
6.7,8.03,63.83,83.41,3.0,68.02
3.41,7.16,37.37,74.75,3.0,49.55
4.77,7.88,78.38,63.91,5.0,64.09
6.01,9.96,56.15,97.99,5.0,51.45
6.73,4.65,75.48,91.93,2.0,51.75
2.6,9.43,65.38,68.93,2.0,40.12
4.33,7.16,41.85,85.47,5.0,54.63
4.05,5.65,67.46,86.06,5.0,50.07
3.69,5.0,97.94,87.63,1.0,54.98
8.53,6.72,72.39,52.59,1.0,59.34
5.81,8.38,64.14,93.1,4.0,61.77
2.48,6.81,81.13,69.45,5.0,55.04
6.84,9.27,68.16,72.63,0.0,45.21
9.24,4.82,68.14,100.0,1.0,60.35
7.06,6.98,48.63,82.53,2.0,55.61
1.96,5.12,68.51,72.21,3.0,42.01
4.03,7.55,80.53,44.92,4.0,56.27
7.53,8.33,52.46,98.85,1.0,68.45
3.58,6.37,86.37,57.82,3.0,61.11
5.89,3.09,63.62,62.95,3.0,45.55
6.55,7.3,51.68,73.03,1.0,52.47
3.15,7.66,79.96,99.25,0.0,59.3
4.88,7.61,60.7,89.6,0.0,53.96
0.0,8.85,76.39,75.63,4.0,49.44
2.95,5.39,60.62,82.62,0.0,47.53
4.49,8.02,64.1,68.99,4.0,58.86
2.5,8.79,72.4,80.09,2.0,55.78
8.26,4.33,69.36,79.1,1.0,50.66
2.14,7.48,35.07,92.53,3.0,41.09
4.12,6.24,48.18,92.51,4.0,54.19
5.26,6.88,78.94,85.41,0.0,58.72
7.88,7.52,63.02,72.56,4.0,66.49
2.13,6.27,57.14,89.13,5.0,55.53
7.33,5.99,44.62,76.62,4.0,52.56
5.02,7.05,48.8,61.77,0.0,50.52
3.04,5.37,34.67,71.95,5.0,39.37
5.92,5.37,63.48,79.27,5.0,52.01
5.4,8.02,56.02,91.65,0.0,54.02
3.8,5.28,50.5,75.25,5.0,45.73
5.14,8.0,63.98,59.86,1.0,56.61
4.23,7.69,70.46,78.85,3.0,59.13
5.23,4.41,96.4,79.7,1.0,53.64
6.32,5.98,42.32,80.79,1.0,49.27
8.17,8.79,82.39,91.8,0.0,69.75
2.52,5.53,79.6,93.28,0.0,52.82
9.27,6.3,53.31,69.09,3.0,63.42
1.1,7.69,68.05,68.76,4.0,47.75
4.7,8.18,58.14,62.4,1.0,54.93
6.18,6.62,67.79,88.48,5.0,63.73
5.56,6.1,87.64,99.73,3.0,69.91
3.75,9.13,74.08,73.27,1.0,46.72
4.58,9.61,72.63,74.38,4.0,50.46
4.01,8.47,58.55,100.0,5.0,58.83
3.82,7.13,42.74,85.58,1.0,42.69
6.7,5.79,61.87,84.54,2.0,51.12
5.71,5.75,83.1,60.14,3.0,59.87
3.61,7.78,42.09,88.18,0.0,47.4
6.8,7.63,49.17,64.06,1.0,59.24
5.61,9.1,66.89,60.99,5.0,48.35
6.63,7.98,50.23,72.8,5.0,59.21
6.26,4.75,53.11,69.21,3.0,50.26
3.34,8.58,58.65,74.68,3.0,50.77
3.88,5.5,44.52,56.39,5.0,40.66
6.49,6.42,50.39,92.38,5.0,60.53
6.22,7.38,75.55,94.92,5.0,67.33
4.96,9.99,45.39,48.79,1.0,37.13
5.23,11.66,41.03,92.68,5.0,36.21
7.56,7.91,55.55,65.84,0.0,61.02
3.82,6.73,75.98,90.85,5.0,60.17
6.09,7.8,62.05,76.97,0.0,49.83
4.6,8.33,58.03,78.43,1.0,53.04
4.56,6.52,65.67,75.22,3.0,56.18
7.2,9.69,38.81,96.18,0.0,43.01
6.65,7.35,72.42,59.41,1.0,60.54
6.63,7.75,70.75,87.12,5.0,69.11
7.61,8.0,58.86,94.52,1.0,66.91
5.04,7.63,80.09,88.75,5.0,64.64
6.36,8.26,48.09,100.0,1.0,58.87
4.38,6.07,81.92,70.07,3.0,63.29
5.65,6.16,67.32,92.36,0.0,50.71
4.74,5.35,59.95,76.41,3.0,45.67
5.19,7.66,64.7,96.5,2.0,55.89
6.19,8.17,63.39,77.88,5.0,64.25
3.36,7.69,83.3,72.18,0.0,57.02
9.18,9.51,48.85,97.59,3.0,56.11
2.99,6.99,53.56,70.63,0.0,45.16
2.57,8.0,80.54,56.81,2.0,53.39
7.32,5.36,56.07,70.25,4.0,53.06
6.58,6.42,78.51,87.29,5.0,68.22
6.25,8.04,90.49,98.88,5.0,76.01
6.26,8.27,58.97,79.67,1.0,53.93
4.98,6.56,75.22,97.77,5.0,63.84
3.21,6.89,47.69,57.63,5.0,49.6
5.15,4.72,76.32,71.35,3.0,50.39
3.65,6.46,67.99,73.67,5.0,54.89
6.95,8.34,72.1,76.28,5.0,68.58
4.71,7.86,55.32,79.26,2.0,52.08
3.35,7.75,40.08,88.36,2.0,44.82
4.36,7.07,72.55,71.33,0.0,54.33
5.83,7.01,34.05,80.09,0.0,44.89
3.87,6.01,60.24,77.32,5.0,56.72
3.36,8.05,79.12,64.11,5.0,58.69
5.49,7.63,67.88,76.29,1.0,56.18
5.49,7.74,94.23,75.85,0.0,62.86
3.99,6.21,80.38,75.52,3.0,63.48
4.06,3.77,55.19,78.48,5.0,44.27
5.46,8.65,65.41,79.14,3.0,54.54
2.1,6.28,64.29,71.52,5.0,56.12
2.19,5.71,41.27,97.09,3.0,42.08
3.56,8.04,50.89,60.46,4.0,51.49
4.57,6.41,56.59,67.19,3.0,56.31
5.62,8.59,34.46,100.0,0.0,49.68
7.95,7.93,65.71,62.43,5.0,67.46
6.72,8.03,61.26,57.69,0.0,53.6
4.68,4.95,39.91,89.02,3.0,44.89
4.96,8.82,71.06,46.84,2.0,55.85
2.99,7.39,75.74,74.47,2.0,51.48
4.96,6.45,68.41,100.0,2.0,63.89
4.42,7.22,60.14,54.83,5.0,54.91
5.65,4.34,73.87,48.27,1.0,44.71
3.35,7.61,75.2,55.51,4.0,55.01
6.04,5.46,69.61,91.48,3.0,54.93
8.07,4.97,52.63,94.87,1.0,52.62
4.78,4.72,69.15,70.31,2.0,44.23
5.8,8.67,82.93,88.25,3.0,62.06
6.38,6.06,56.05,98.85,1.0,55.64
4.2,9.3,96.47,100.0,0.0,56.67
5.45,6.2,57.12,74.3,2.0,54.88
5.03,4.44,65.49,43.48,1.0,44.71
5.2,5.33,54.91,65.69,5.0,48.5
3.45,8.85,68.35,71.6,0.0,54.18
5.05,6.77,38.87,74.12,2.0,46.92
6.0,6.18,56.81,75.18,4.0,57.68
7.9,7.24,48.62,94.78,2.0,60.67
6.92,7.75,67.03,97.12,5.0,67.46
9.31,8.68,79.92,75.42,4.0,72.46
3.47,9.17,74.69,94.48,4.0,49.16
6.74,6.46,29.43,83.36,4.0,48.63
5.37,5.01,95.63,78.97,3.0,61.43
9.38,6.38,69.43,91.6,3.0,72.5
3.38,7.39,53.35,79.08,4.0,50.86
3.32,5.55,67.36,100.0,0.0,48.27
3.8,5.56,67.64,56.42,4.0,47.37
0.75,7.52,55.0,70.27,1.0,46.1
3.95,6.93,67.97,76.1,4.0,54.02
3.48,7.05,55.89,84.59,3.0,52.75
5.3,5.86,58.93,97.02,3.0,52.49
5.68,6.65,54.71,77.63,1.0,54.84
8.75,5.61,43.51,56.67,1.0,52.65
6.9,8.34,67.19,90.64,2.0,63.16
3.85,8.55,73.78,89.32,0.0,58.5
3.2,4.23,72.72,48.87,0.0,37.94
5.98,5.61,77.3,77.94,0.0,56.66
2.36,4.76,69.87,54.15,5.0,46.14
8.66,6.02,57.01,68.03,3.0,61.82
7.36,6.87,77.59,64.46,0.0,60.9
4.06,4.83,44.64,90.14,2.0,42.43
1.57,5.62,51.49,79.75,2.0,36.75
7.71,5.49,50.54,58.72,0.0,47.12
4.77,7.31,81.2,91.2,1.0,60.87
7.48,7.1,79.14,56.49,2.0,65.38
1.81,5.92,72.31,82.95,1.0,45.08
3.8,7.27,81.08,65.79,3.0,57.06
5.01,6.18,51.81,72.51,5.0,59.52
5.09,6.59,70.23,85.56,2.0,60.6
4.1,9.51,63.12,85.82,1.0,44.22
6.25,9.01,77.7,98.05,0.0,55.98
2.86,5.05,63.27,76.77,3.0,39.2
4.72,8.24,59.23,82.6,4.0,64.06
5.24,8.22,73.11,71.43,4.0,61.84
6.03,5.28,78.14,80.73,0.0,47.26
6.42,8.23,54.97,84.59,3.0,62.89
2.75,9.31,64.08,76.53,3.0,41.16
1.93,5.32,49.12,50.94,3.0,38.76
7.56,5.62,27.53,82.97,3.0,46.58
5.66,8.53,68.01,83.47,4.0,57.9
3.5,7.41,74.13,67.8,1.0,55.02
8.1,7.83,68.93,58.73,3.0,64.61
5.23,7.51,35.76,100.0,1.0,53.83
7.36,7.59,59.74,85.37,3.0,64.43
5.14,5.01,31.72,74.56,2.0,34.41
9.12,8.57,85.55,60.94,5.0,76.94
8.51,8.75,48.71,65.67,2.0,57.27
4.5,6.66,83.83,97.54,5.0,72.86
6.94,6.93,79.19,80.06,2.0,64.89
6.29,4.7,51.49,69.74,3.0,45.65
7.74,7.77,48.01,85.65,1.0,55.34
3.07,7.86,70.26,65.78,5.0,55.19
6.37,6.91,52.34,100.0,4.0,59.15
7.12,8.69,66.54,98.29,0.0,65.85
1.48,6.5,57.76,71.0,5.0,46.1
2.63,7.85,38.28,68.57,5.0,48.89
0.92,5.47,31.54,38.73,4.0,30.82
4.46,6.96,68.4,55.78,3.0,59.7
6.44,6.74,56.58,57.91,2.0,55.53
8.0,7.34,56.7,80.03,2.0,58.44
5.15,6.45,75.44,73.11,1.0,58.35
8.26,6.8,82.6,57.82,3.0,70.17
2.24,8.24,60.91,73.78,4.0,52.08
1.59,6.34,59.89,85.58,3.0,51.42
4.89,4.59,72.5,85.92,3.0,55.22
5.77,9.62,44.65,49.5,2.0,40.85
4.93,9.07,68.35,76.08,4.0,51.68
0.87,5.06,73.28,57.25,0.0,31.4
4.82,8.03,75.2,91.53,5.0,62.74
2.39,6.25,35.95,89.76,2.0,42.97
6.34,7.4,53.58,64.53,4.0,51.55
5.73,7.44,51.83,66.51,1.0,48.94
3.12,6.65,66.5,71.08,5.0,55.5
3.97,5.82,72.21,44.21,5.0,49.81
2.88,5.96,87.45,83.04,2.0,55.31
4.87,5.63,57.58,73.91,1.0,45.27
6.91,5.75,57.54,92.55,2.0,54.88
3.03,6.9,82.25,61.52,3.0,56.03
6.01,5.93,69.45,68.71,4.0,55.93
3.94,8.02,84.01,55.4,1.0,58.02
3.41,9.23,69.33,62.94,5.0,51.78
4.79,6.13,47.64,60.27,2.0,47.85
2.93,7.36,45.0,92.94,5.0,52.49
3.89,7.75,41.73,67.53,1.0,47.94
2.6,7.71,74.93,79.86,5.0,54.44
8.93,7.11,82.83,72.29,2.0,76.45
5.07,8.11,92.74,58.96,2.0,66.93
3.6,7.72,77.65,75.48,0.0,50.09
5.43,5.14,82.44,86.99,5.0,60.59
4.78,8.3,56.3,59.88,0.0,47.83
4.56,8.33,47.65,90.14,0.0,48.89
6.23,5.86,77.75,65.25,5.0,60.4
6.52,7.06,71.27,70.76,1.0,63.47
3.94,8.02,66.61,85.96,3.0,56.12
3.85,6.69,70.81,68.05,2.0,53.87
4.45,8.61,69.85,78.56,4.0,61.03
0.4,10.55,84.26,73.28,0.0,39.56
1.97,5.82,84.42,79.94,1.0,45.87
7.73,4.93,73.16,42.29,5.0,60.9
8.29,7.46,77.69,50.55,1.0,61.78
4.5,8.08,72.71,87.24,1.0,61.22
6.15,6.65,58.08,93.56,5.0,64.47
5.62,9.18,76.35,64.34,4.0,55.18
11.16,4.99,44.08,74.34,5.0,56.66
7.24,8.04,80.81,82.42,4.0,64.6
4.74,6.09,47.08,88.4,5.0,56.05
3.09,9.58,69.29,47.58,0.0,38.04
1.79,9.99,52.32,64.71,4.0,33.32
5.41,5.85,73.3,73.01,0.0,53.88
3.49,6.18,64.49,88.55,4.0,57.25
2.16,8.29,41.08,100.0,4.0,46.41
3.71,6.42,71.31,74.58,5.0,61.21
2.84,6.93,56.33,56.9,4.0,51.57
8.37,7.04,78.22,84.03,0.0,64.72
6.76,4.12,65.02,97.81,5.0,59.1
4.98,6.98,70.93,79.62,2.0,65.87
7.96,5.97,50.64,64.4,0.0,45.96
5.15,6.26,56.16,92.37,2.0,56.06
3.28,9.17,58.12,87.95,1.0,43.04
8.05,5.12,77.85,62.61,5.0,67.66
6.08,8.22,90.16,83.72,1.0,64.39
2.93,6.58,52.92,92.96,5.0,51.61
4.62,6.58,81.15,95.73,5.0,64.1
3.25,8.19,32.45,77.0,0.0,44.75
2.23,7.51,47.09,72.63,2.0,43.01
6.85,7.86,50.62,96.41,5.0,60.19
8.82,8.45,44.71,59.85,2.0,57.98
2.2,6.5,41.25,84.58,5.0,49.27
6.13,6.08,71.19,57.45,2.0,62.27
3.7,5.37,61.79,93.98,1.0,46.5
4.03,5.76,70.69,74.13,0.0,47.94
3.82,11.42,75.36,97.03,5.0,49.43
3.27,8.87,68.98,85.37,3.0,52.78
5.1,4.97,74.87,59.65,2.0,48.49
3.34,5.02,63.96,99.37,2.0,47.05
5.54,7.72,47.2,100.0,3.0,55.55
4.9,7.82,80.87,91.23,0.0,56.23
4.52,7.82,56.16,66.58,2.0,48.73
3.18,6.62,50.97,73.41,0.0,45.95
3.85,6.81,62.33,80.18,2.0,56.93
6.51,7.49,51.31,67.44,4.0,62.57
6.0,7.13,58.74,100.0,2.0,59.6
3.04,3.67,70.16,80.16,4.0,41.99
5.2,6.66,70.23,37.45,5.0,56.82
6.5,5.72,51.53,83.09,0.0,44.68
1.66,7.26,57.68,72.78,2.0,49.44
6.09,11.48,81.11,76.88,1.0,55.53
3.67,7.55,72.45,72.47,1.0,52.59
6.14,6.53,96.13,90.11,3.0,68.11
3.47,8.38,82.7,94.8,1.0,63.0
1.39,7.72,82.16,82.25,4.0,58.31
1.74,7.63,44.18,72.91,1.0,43.03
5.1,7.91,76.46,77.38,1.0,64.34
5.52,10.08,64.2,78.29,1.0,41.66
3.19,5.3,56.74,65.96,2.0,37.05
6.28,7.71,67.52,86.68,3.0,62.5
1.68,5.61,79.18,84.9,0.0,45.63
4.87,7.83,72.51,100.0,3.0,61.94
2.58,5.62,51.82,96.83,4.0,52.85
3.7,6.37,76.14,67.71,2.0,55.52
5.09,6.56,55.44,90.3,5.0,57.96
3.28,8.46,68.25,63.74,2.0,53.07
4.23,8.38,60.45,88.44,1.0,57.12
7.01,5.13,61.72,70.25,1.0,47.7
3.85,7.08,76.49,62.65,4.0,58.24
6.67,5.94,49.4,82.2,5.0,57.08
2.74,5.11,94.18,37.88,2.0,50.7
6.06,6.67,37.68,51.74,5.0,52.42
7.88,6.54,56.03,75.34,0.0,65.35
0.06,10.64,70.55,79.24,3.0,43.06
3.41,7.65,73.76,72.46,2.0,51.46
6.15,4.93,63.49,54.31,5.0,45.75
4.59,6.15,64.14,65.73,0.0,54.57
5.74,8.53,71.16,83.87,0.0,63.07
3.79,10.13,61.53,86.73,3.0,43.82
5.17,4.62,85.9,77.76,0.0,49.77
4.69,4.18,77.59,95.35,4.0,50.86
7.34,9.81,78.09,83.96,0.0,50.43
5.51,7.58,50.51,66.79,5.0,59.63
5.68,5.7,63.81,73.79,4.0,52.16
4.18,7.8,60.49,56.96,0.0,50.02
4.02,3.05,49.92,76.38,1.0,28.81
4.13,7.01,70.4,94.68,0.0,59.53
5.79,7.49,56.94,88.28,4.0,61.9
4.16,8.39,74.83,99.03,0.0,54.39
5.58,5.48,48.95,73.46,0.0,43.92
9.15,7.13,90.79,98.19,0.0,74.05
6.74,5.61,51.56,75.1,4.0,50.51
4.35,7.38,68.29,100.0,0.0,48.29
7.4,5.66,76.88,77.67,3.0,58.17
4.18,6.39,56.44,88.61,5.0,58.62
0.92,5.51,77.79,100.0,3.0,46.83
2.98,7.98,46.56,75.1,4.0,48.64
1.26,8.29,86.78,81.28,1.0,59.23
4.3,6.65,65.21,97.33,3.0,59.01
5.04,7.06,56.05,76.0,5.0,51.66
8.35,4.83,60.51,58.19,2.0,50.73
5.65,6.55,77.13,100.0,5.0,68.81
4.56,6.92,56.23,70.95,3.0,51.49
6.66,10.93,53.76,80.38,2.0,47.08
0.58,5.33,61.68,95.34,4.0,38.62
5.47,9.2,47.35,68.87,5.0,45.63
6.54,8.5,92.31,62.88,1.0,61.33
2.04,7.42,56.5,81.81,2.0,47.75
7.29,9.64,77.47,51.1,2.0,54.56
5.68,7.56,68.14,73.68,5.0,62.22
4.17,7.58,50.23,81.68,3.0,51.93
6.27,6.92,64.91,73.95,2.0,59.54
9.54,8.84,76.76,54.85,4.0,70.51
5.36,8.64,62.18,100.0,5.0,65.47
5.5,6.06,82.9,79.55,4.0,68.34
4.08,5.02,80.32,99.47,5.0,61.29
3.3,6.7,78.78,74.1,4.0,60.05
6.66,5.8,58.11,64.8,3.0,46.8
3.29,6.9,48.8,82.04,5.0,55.25
5.14,8.86,55.8,74.76,1.0,57.21
4.04,6.31,67.94,60.33,3.0,62.46
5.96,6.94,73.19,100.0,4.0,71.14
5.67,7.09,32.43,68.67,5.0,49.89
7.08,8.27,64.88,50.4,3.0,60.15
3.98,3.63,67.37,97.92,4.0,46.55
4.46,6.09,60.84,70.44,0.0,50.24
3.04,7.32,84.37,68.88,0.0,54.89
4.11,8.8,71.33,51.52,2.0,57.83
5.75,6.26,84.65,100.0,1.0,61.42
6.51,4.19,61.76,58.66,0.0,40.36
3.16,7.93,79.06,78.88,4.0,63.55
6.74,6.05,89.53,91.69,3.0,75.56
7.71,5.22,84.68,84.33,5.0,63.06
5.83,6.06,48.62,77.11,3.0,60.14
8.75,6.72,61.19,52.48,2.0,64.13
3.45,6.09,59.82,65.85,3.0,51.2
2.51,3.69,72.34,80.82,0.0,31.66
1.44,8.35,75.3,66.19,3.0,47.28
7.99,8.91,52.42,81.05,0.0,55.96
6.31,7.98,66.02,88.23,0.0,61.47
4.89,5.29,34.7,92.44,1.0,42.57
5.56,6.7,86.63,59.61,2.0,61.3
2.75,6.99,57.31,100.0,4.0,54.31
9.89,7.9,65.84,89.51,0.0,67.03
5.26,8.0,60.36,77.97,5.0,59.31
5.22,5.9,82.19,94.34,2.0,58.98
6.45,7.12,22.44,100.0,4.0,52.55
5.96,7.69,64.75,56.42,5.0,55.21
5.45,9.18,63.41,74.62,3.0,48.51
3.42,8.06,58.2,42.32,2.0,47.35
5.94,8.18,90.89,80.89,5.0,73.94
8.76,7.13,51.69,83.48,2.0,59.6
7.69,9.12,76.58,77.41,2.0,57.87
8.19,7.61,70.34,68.18,3.0,67.48
3.98,5.71,83.92,47.26,3.0,50.83
3.02,9.11,54.99,83.6,2.0,36.06
4.75,8.05,54.01,99.83,5.0,62.6
5.11,6.34,81.44,69.13,1.0,62.35
7.19,6.28,71.38,84.6,0.0,62.98
1.62,7.44,41.83,54.48,3.0,41.34
8.06,7.69,56.91,84.86,1.0,55.74
4.68,7.3,70.8,72.1,3.0,61.06
4.15,7.47,77.57,66.56,2.0,62.19
2.98,9.55,54.81,66.59,1.0,33.7
1.69,8.61,21.29,72.1,5.0,43.77
6.65,7.29,72.85,83.74,5.0,70.84
5.15,8.41,46.7,58.32,4.0,48.64
2.42,5.45,34.74,72.04,0.0,30.53
2.41,7.6,22.52,77.38,0.0,32.13
4.33,9.71,77.21,61.51,3.0,47.99
8.34,6.67,66.93,100.0,0.0,66.66
4.48,5.73,61.62,65.2,4.0,45.13
1.99,6.02,85.84,67.96,5.0,60.42
4.51,5.37,74.56,63.33,1.0,50.04
4.45,5.82,89.24,100.0,1.0,60.15
0.0,6.44,44.11,86.29,5.0,45.95
4.89,4.89,64.48,63.95,2.0,42.11
4.54,7.02,40.75,94.59,5.0,54.14
6.39,8.35,61.56,81.01,1.0,59.43
8.7,5.64,61.27,81.86,3.0,63.13
7.25,9.28,74.4,72.83,4.0,57.18
4.46,7.77,65.68,66.76,5.0,59.75
2.79,8.55,74.35,83.07,2.0,52.97
10.15,6.01,75.55,69.82,3.0,68.38
5.12,8.28,97.32,100.0,5.0,69.54
5.03,5.36,60.27,58.96,3.0,45.58
4.95,8.34,50.88,100.0,5.0,65.28
5.4,7.26,68.69,76.33,3.0,58.96
4.71,7.83,52.97,82.49,0.0,52.19
3.85,5.24,87.23,90.5,3.0,57.44
3.91,5.66,60.75,68.55,0.0,39.69
4.93,7.9,56.52,90.96,1.0,53.56
3.91,5.58,57.93,37.39,0.0,40.03
3.57,7.69,75.78,67.2,3.0,58.5
5.21,4.95,62.63,64.14,4.0,42.56
4.49,8.27,55.37,59.2,4.0,55.12
8.01,5.15,89.98,74.78,1.0,59.49
0.0,7.83,52.16,83.79,3.0,42.73
7.18,7.94,65.53,88.54,0.0,62.21
7.49,5.95,74.78,81.61,4.0,66.85
0.85,7.87,40.53,68.01,5.0,42.59
4.31,7.39,72.2,83.54,2.0,62.06
4.26,6.19,49.17,79.86,3.0,47.93
2.18,5.49,77.34,92.04,5.0,52.88
3.44,4.06,50.56,89.65,5.0,41.01
2.78,7.52,75.39,78.46,3.0,57.56
8.5,4.65,81.59,64.54,2.0,57.29
6.87,7.14,77.92,68.21,4.0,62.37
7.54,6.6,68.77,69.75,2.0,60.24
6.44,8.02,61.53,73.27,1.0,52.62
2.74,6.55,56.35,82.02,0.0,43.83
3.95,6.51,87.07,88.73,0.0,61.85
5.98,8.1,54.51,77.23,5.0,58.95
2.56,7.5,49.44,78.24,4.0,50.31
6.43,7.47,74.98,80.15,2.0,69.02
4.52,7.7,53.06,70.26,5.0,54.35
4.25,4.7,50.75,64.12,3.0,42.81
6.42,8.14,43.35,51.67,5.0,54.34
5.89,7.92,57.76,67.57,3.0,65.2
4.28,5.47,63.76,85.1,3.0,40.67
7.32,6.63,68.65,67.46,1.0,58.75
2.84,6.94,79.27,74.43,1.0,57.08
6.23,6.8,72.9,85.0,3.0,62.04
6.19,7.5,62.14,85.81,4.0,63.97
4.38,9.15,62.03,61.81,1.0,42.33
5.65,8.62,72.65,92.96,1.0,64.11
2.5,5.03,84.09,94.91,0.0,44.78
6.85,7.93,66.89,61.05,5.0,63.89
4.63,8.99,57.96,65.64,0.0,51.79
3.95,7.58,50.11,95.87,4.0,55.38
7.1,8.64,43.32,75.8,1.0,54.27
3.59,10.02,74.99,44.7,1.0,44.49
2.18,8.54,73.67,57.0,2.0,46.08
1.89,7.37,73.66,74.26,4.0,55.31
6.21,8.57,63.07,60.55,5.0,57.15
2.44,7.22,86.1,71.8,5.0,63.06
8.51,7.04,57.74,78.49,5.0,63.84
0.84,6.47,79.33,99.93,4.0,50.0
8.39,9.35,64.42,73.64,2.0,56.58
5.42,5.77,55.87,94.09,2.0,49.83
4.81,9.3,73.89,99.43,0.0,51.09
3.91,7.75,71.14,99.51,4.0,65.92
5.8,4.9,70.35,82.27,4.0,55.28
4.92,7.55,66.22,48.55,2.0,54.37
7.21,3.85,64.43,84.91,3.0,51.29
5.23,7.94,100.0,93.73,3.0,67.84
5.3,8.33,82.76,76.78,0.0,59.99
4.27,6.11,75.84,100.0,3.0,68.62
4.89,7.19,66.68,90.9,3.0,59.07
5.62,9.93,80.11,86.52,3.0,53.97
1.58,6.24,72.77,94.3,1.0,56.57
2.3,5.41,65.39,83.0,0.0,37.23
6.49,9.22,60.45,40.61,2.0,47.01
5.34,9.94,63.79,70.51,3.0,42.23
4.63,7.01,20.0,95.96,5.0,49.85
5.04,8.52,68.16,65.89,1.0,55.5
5.7,9.01,57.67,74.65,3.0,50.13
3.92,5.89,88.89,62.33,1.0,49.54
3.44,6.27,65.29,100.0,0.0,52.51
5.39,8.85,47.17,100.0,5.0,60.94
3.04,9.53,64.25,64.74,5.0,43.12
5.82,7.84,49.31,80.21,5.0,60.41
1.59,5.68,72.1,67.79,3.0,45.52
7.06,9.98,69.36,87.22,1.0,50.62
5.95,6.2,79.37,85.65,5.0,67.15
5.51,6.5,53.14,90.18,4.0,58.63
6.97,7.51,65.51,82.98,4.0,63.99
8.33,9.33,44.52,100.0,1.0,52.31
7.03,8.28,75.52,62.58,3.0,63.03
1.32,7.62,72.78,52.34,3.0,47.88
2.44,7.69,72.44,72.1,0.0,53.45
3.75,7.07,65.02,54.48,0.0,47.98
5.05,7.84,71.22,55.61,5.0,58.47
6.04,3.21,89.07,62.98,2.0,43.04
3.55,6.56,60.72,64.17,0.0,45.56
5.37,7.36,67.08,63.68,3.0,55.6
3.49,5.27,48.71,85.77,2.0,40.14
3.78,7.58,51.98,70.41,0.0,45.14
2.19,6.69,66.47,75.31,1.0,52.91
3.15,9.63,81.56,91.41,4.0,49.54
2.3,9.36,61.16,66.51,0.0,34.53
3.05,6.3,61.46,74.03,0.0,49.46
7.11,6.77,58.9,83.49,1.0,56.13
3.1,6.89,56.98,48.88,3.0,53.03
10.26,6.32,69.42,42.23,5.0,71.76
5.99,7.29,42.54,83.19,1.0,48.54
5.37,5.86,84.21,85.38,5.0,64.88
3.28,5.3,55.02,100.0,0.0,46.27
6.4,7.93,75.83,80.37,3.0,61.57
3.85,7.94,45.95,90.3,2.0,46.94
5.24,5.79,75.03,75.07,0.0,49.54
10.12,8.34,75.08,82.46,1.0,66.51
4.81,6.05,70.76,100.0,2.0,58.81
7.3,7.38,50.08,46.14,4.0,55.13
3.59,8.23,68.74,84.2,2.0,57.5
4.93,6.95,47.25,100.0,1.0,53.4
8.54,7.68,61.21,82.23,2.0,63.87
3.75,6.23,80.44,100.0,1.0,59.08
8.62,6.71,76.95,68.56,0.0,61.26
6.42,6.69,65.23,77.52,3.0,63.28
3.88,5.88,50.38,78.5,4.0,48.16
6.26,6.73,74.68,44.74,3.0,58.23
6.95,4.68,65.29,60.48,3.0,47.36
6.24,6.26,30.2,61.55,3.0,53.37
1.86,6.57,76.74,90.33,1.0,54.87
3.55,6.62,64.64,91.08,1.0,55.47
4.5,6.64,83.04,82.86,4.0,65.83
4.85,6.91,48.57,90.36,1.0,48.62
6.24,7.72,20.0,75.54,5.0,54.22
5.36,8.31,69.19,96.03,1.0,58.98
2.33,6.03,69.37,78.13,1.0,53.95
5.76,5.2,39.64,78.87,1.0,46.12
6.22,5.44,50.32,74.02,0.0,45.14
6.12,6.27,100.0,88.27,4.0,70.23
7.16,6.47,60.42,71.68,5.0,55.91
6.67,5.85,75.96,92.65,1.0,58.11
5.92,5.06,55.24,61.02,4.0,48.56
4.86,6.32,33.65,61.52,2.0,43.76
1.68,7.27,62.45,88.31,0.0,48.41
5.86,7.89,61.02,76.67,1.0,57.81
5.42,6.16,59.0,71.19,5.0,62.07
5.54,6.38,63.28,91.35,0.0,56.39
2.45,5.61,68.96,68.89,5.0,48.0
2.84,6.95,62.75,75.0,0.0,48.5
7.11,5.73,46.04,98.99,2.0,51.92
4.92,7.86,72.29,100.0,4.0,62.71
6.36,4.32,35.76,100.0,0.0,39.06
5.06,6.46,34.24,73.77,3.0,47.42
5.06,7.45,76.09,96.46,2.0,63.34
6.88,7.28,72.61,63.77,3.0,60.53
3.97,11.04,64.14,64.4,2.0,38.62
5.19,7.52,44.07,42.74,3.0,53.73
4.08,5.49,54.38,100.0,3.0,51.0
4.13,6.86,61.06,65.04,5.0,53.29
4.38,4.34,41.06,76.1,0.0,37.64
5.44,6.88,53.91,64.35,0.0,52.69
4.04,5.75,74.78,88.43,2.0,52.23
7.51,8.37,86.41,72.37,4.0,68.71
3.21,6.18,58.71,58.43,5.0,50.18
4.63,6.82,76.35,84.62,0.0,58.85
4.12,6.05,36.29,56.49,0.0,39.14
7.89,9.61,74.89,65.44,5.0,61.66
5.39,6.52,52.94,46.4,1.0,53.59
7.06,9.75,69.61,56.64,5.0,53.51
2.03,8.22,61.28,80.68,0.0,50.92
5.53,7.72,84.81,48.53,4.0,61.94
6.78,7.55,51.88,55.78,1.0,51.15
5.16,7.59,74.41,77.96,3.0,64.88
7.13,4.11,60.81,69.85,5.0,56.29
3.97,6.58,62.63,100.0,3.0,63.95
7.82,8.27,62.24,100.0,1.0,64.97
9.6,6.93,52.31,64.98,1.0,63.27
4.27,4.89,64.79,86.36,1.0,46.96
4.11,6.92,64.06,89.24,2.0,60.53
7.91,9.56,68.62,69.04,5.0,58.35
8.16,8.87,66.27,55.57,4.0,66.61
3.95,6.91,76.97,77.82,4.0,57.47
4.16,8.43,78.85,75.41,3.0,59.71
4.44,6.45,49.24,71.46,3.0,54.09
2.31,4.44,78.03,84.63,3.0,48.73
3.16,5.61,47.2,66.74,5.0,45.63
2.99,9.34,73.82,60.72,0.0,41.65
3.46,6.59,74.3,79.64,3.0,56.07
4.93,6.63,36.33,83.79,1.0,47.76
5.47,6.55,66.39,60.35,3.0,57.86
8.1,9.86,57.97,91.92,1.0,52.36
3.0,9.44,53.62,51.44,2.0,33.45
6.97,10.33,85.26,69.33,0.0,51.69
4.57,6.76,55.19,74.13,0.0,50.19
4.9,7.44,52.9,68.46,5.0,49.08
6.35,4.73,66.14,69.52,5.0,55.75
2.75,9.22,75.28,100.0,4.0,51.47
5.76,5.25,62.88,65.24,2.0,49.24
5.33,7.33,82.5,100.0,5.0,67.87
5.98,5.35,72.96,84.56,1.0,55.15
5.58,6.12,32.33,79.38,2.0,46.33
9.91,5.74,57.06,85.14,0.0,55.22
3.72,6.09,56.57,100.0,1.0,55.2
3.94,6.19,72.19,63.1,2.0,56.31
3.75,6.18,25.63,61.19,0.0,34.41
3.89,8.25,100.0,66.68,5.0,72.24
3.73,5.34,72.97,78.48,1.0,45.41
7.38,7.33,67.23,52.11,1.0,58.37
7.84,8.83,82.72,78.34,0.0,71.61
3.86,6.23,100.0,100.0,1.0,60.46
3.34,5.92,78.06,80.27,5.0,50.0
5.94,6.65,79.23,73.61,5.0,67.93
3.9,8.77,66.96,68.73,5.0,50.42
6.27,7.29,62.88,91.48,0.0,52.42
5.41,6.2,57.86,65.61,3.0,59.18
1.97,7.73,52.61,100.0,3.0,49.46
8.1,5.35,54.69,100.0,1.0,60.94
8.59,8.02,44.74,81.85,5.0,59.93
3.77,7.61,63.86,77.83,1.0,52.0
4.22,6.54,39.73,93.46,0.0,49.0
5.57,5.74,67.86,94.42,1.0,54.72
5.67,5.67,64.46,65.91,4.0,51.69
6.32,7.8,67.2,70.1,3.0,59.05
9.02,8.84,57.17,58.16,1.0,60.76
4.65,6.04,100.0,84.14,1.0,70.59
3.4,7.69,85.4,88.0,2.0,63.31
2.24,3.87,46.33,57.75,1.0,27.64
3.54,6.12,68.49,71.17,4.0,53.65
4.93,6.95,55.88,57.79,3.0,51.01
8.59,5.64,49.78,64.52,2.0,47.95
3.96,5.6,44.9,86.27,0.0,40.72
5.45,6.0,71.48,67.0,0.0,52.84
4.97,7.44,54.78,73.49,3.0,54.5
7.38,6.72,79.52,53.59,0.0,66.58
10.05,3.64,79.91,80.8,4.0,67.72
3.94,3.82,85.61,77.34,1.0,48.16
4.02,6.09,52.21,67.07,3.0,53.21
7.09,7.69,72.13,75.16,2.0,60.86
6.36,3.0,74.49,80.7,1.0,46.07
8.69,6.25,57.89,65.78,0.0,63.09
6.17,6.21,53.42,55.86,0.0,49.48
4.28,9.08,89.14,100.0,2.0,60.81
6.18,6.42,68.41,68.5,4.0,65.4
7.22,7.57,74.54,76.55,2.0,66.99
6.64,7.21,52.67,93.16,3.0,56.59
6.01,3.8,46.71,100.0,2.0,43.05
7.13,8.15,56.46,59.33,0.0,56.59
7.34,7.32,63.14,84.75,4.0,62.01
7.76,7.76,49.04,67.39,4.0,59.01
6.3,12.0,64.85,69.92,5.0,49.88
4.67,3.87,39.67,67.2,2.0,33.49
5.29,9.59,48.2,61.12,3.0,39.26
7.41,6.57,75.06,77.38,0.0,57.62
3.37,7.43,74.06,55.88,1.0,51.33
5.74,6.93,59.12,92.2,4.0,63.47
4.21,6.36,49.73,78.83,2.0,48.38
5.06,6.15,49.59,84.34,5.0,57.11
7.56,7.49,59.4,71.01,3.0,60.8
5.38,4.72,74.67,72.49,3.0,49.65
5.09,8.13,78.92,82.31,0.0,62.21
2.28,6.38,57.55,60.54,4.0,54.25
6.49,5.3,47.7,72.63,0.0,47.15
6.29,6.32,69.02,65.11,5.0,61.19
9.33,8.89,52.65,64.64,1.0,66.13
4.38,6.2,57.23,46.35,1.0,51.53
5.44,7.54,84.88,98.09,1.0,63.96
5.5,5.9,77.41,67.7,3.0,53.36
8.15,8.14,67.37,95.45,4.0,72.67
4.81,8.03,45.92,94.03,0.0,51.1
5.56,9.77,68.17,58.71,0.0,41.56
6.22,6.74,80.94,61.67,5.0,65.84
5.37,8.0,59.37,100.0,1.0,56.54
4.11,7.15,85.27,100.0,4.0,63.89
5.39,8.94,84.39,77.53,4.0,69.25
7.15,5.92,89.96,81.86,5.0,69.56
2.95,8.12,69.58,68.54,2.0,55.46
5.27,6.71,73.81,84.49,4.0,66.07
3.6,6.9,86.21,67.24,4.0,58.86
7.39,7.14,71.71,47.51,0.0,56.57
1.95,7.38,57.48,58.18,5.0,53.88
3.88,6.83,58.27,78.32,4.0,55.5
5.75,7.32,68.58,61.03,4.0,55.87
8.13,9.37,45.64,76.99,0.0,46.63
4.87,8.48,62.85,61.88,4.0,58.7
3.89,8.3,81.45,66.26,0.0,57.47
8.76,6.32,32.13,90.8,2.0,54.29
2.1,5.67,88.02,81.71,3.0,58.07
0.6,8.43,81.84,77.86,0.0,45.71
5.88,8.31,58.1,91.18,0.0,56.57
4.0,9.21,73.15,85.21,4.0,56.5
2.96,6.09,65.05,99.7,0.0,54.72
6.42,6.66,83.45,71.1,5.0,71.11
5.49,4.54,79.74,71.56,1.0,47.18
3.87,6.41,44.0,58.48,1.0,45.93
2.44,8.49,73.81,71.57,2.0,53.36
6.74,6.3,61.92,92.47,0.0,56.04
6.3,7.96,66.24,97.5,5.0,68.95
4.8,6.71,54.08,92.4,4.0,55.16
8.69,7.49,91.22,51.09,4.0,70.21
2.86,5.28,80.6,94.25,3.0,53.48
1.95,7.13,53.9,50.42,2.0,43.46
3.62,3.0,44.98,91.47,5.0,38.89
4.91,6.72,59.21,72.48,5.0,57.59
5.49,4.55,71.52,88.54,4.0,57.78
4.52,8.81,68.6,58.01,3.0,53.25
5.7,8.17,83.8,95.57,4.0,67.49
2.5,7.7,76.85,56.03,3.0,55.28
7.89,9.28,79.54,67.97,1.0,52.95
4.84,5.58,69.9,63.03,5.0,49.75
7.23,9.62,44.16,51.69,1.0,41.65
5.69,8.4,62.06,79.42,4.0,62.99
5.91,6.65,80.9,100.0,2.0,69.6
6.14,8.7,64.23,100.0,0.0,59.97
5.9,5.34,72.55,79.46,2.0,51.6
6.29,5.76,60.22,94.75,2.0,54.7
7.66,6.09,49.55,81.48,0.0,58.09
5.39,6.21,63.15,85.48,5.0,62.79
6.42,5.42,69.64,72.87,1.0,55.82
4.82,8.83,55.16,80.93,1.0,49.96
7.88,6.61,61.46,86.06,5.0,64.91
3.65,7.53,50.91,69.32,0.0,49.86
8.6,6.14,81.79,76.84,3.0,66.75
4.92,4.27,60.58,77.12,2.0,42.78
2.14,7.41,86.79,90.4,4.0,59.17
5.26,4.13,87.93,62.01,1.0,45.22
3.64,6.9,63.78,77.23,5.0,56.8
6.68,4.95,49.87,100.0,4.0,54.46
3.69,9.98,33.71,95.46,0.0,34.16
4.11,8.37,42.92,98.24,4.0,55.85
1.22,7.16,44.39,78.37,4.0,48.77
4.1,8.9,85.68,82.81,2.0,60.84
0.15,5.73,66.74,93.03,0.0,47.65
1.83,7.82,70.84,100.0,4.0,56.02
6.52,7.3,31.69,48.73,1.0,45.18
6.57,7.4,47.03,58.27,0.0,48.35
5.85,8.91,78.31,97.64,1.0,65.84
3.07,8.1,69.3,73.85,5.0,56.49
4.9,7.43,62.79,67.92,5.0,58.48
4.99,4.52,73.47,59.19,3.0,47.6
2.68,5.56,89.54,69.67,5.0,54.09
8.01,6.82,61.68,56.96,4.0,63.13
6.75,7.14,66.04,100.0,0.0,60.24
4.56,5.3,67.89,77.66,5.0,51.36
5.05,10.62,100.0,77.13,1.0,57.49
5.42,9.27,33.51,86.82,4.0,41.69
0.92,7.9,75.25,92.44,5.0,57.82
4.51,7.11,63.28,92.19,2.0,54.63
3.64,6.68,73.5,94.1,1.0,56.16
3.0,5.57,55.14,68.54,1.0,36.54
4.44,7.12,64.27,73.53,3.0,61.97
8.6,7.39,75.67,89.54,2.0,73.77
6.28,5.14,100.0,70.09,3.0,63.95
3.86,7.5,77.12,77.92,5.0,68.38
6.15,6.77,52.28,83.98,2.0,58.91
7.8,4.14,58.64,89.78,1.0,49.53
6.85,5.71,58.2,51.33,3.0,51.45
5.12,6.38,38.07,88.72,4.0,57.15
3.71,9.83,60.05,74.49,2.0,39.16
6.4,7.83,75.99,88.61,1.0,60.1
5.79,5.0,45.89,89.65,0.0,44.39
6.79,7.73,80.73,100.0,2.0,66.71
6.27,4.68,72.32,98.3,2.0,47.87
7.1,8.62,53.99,98.2,5.0,60.78
3.93,6.29,62.88,99.66,4.0,58.28
7.63,6.86,88.97,82.37,5.0,74.42
5.4,8.99,76.0,78.48,2.0,61.65
9.15,5.07,65.13,91.09,2.0,65.11
3.62,4.9,61.43,88.98,4.0,46.92
8.47,6.12,66.15,73.36,4.0,67.82
5.4,8.56,57.32,84.07,3.0,52.81
3.7,4.72,33.43,77.47,1.0,33.68
4.03,3.0,95.63,65.19,1.0,47.54
4.36,6.32,67.33,97.36,3.0,55.89
5.85,7.83,70.97,78.83,1.0,56.94
6.05,8.8,64.13,100.0,2.0,63.33
3.85,6.31,53.97,53.62,3.0,48.01
4.95,6.38,62.21,69.65,3.0,56.14
9.28,8.73,41.01,78.49,1.0,59.85
8.46,4.2,99.16,95.06,0.0,69.35
5.87,6.42,46.48,83.99,1.0,52.4
5.08,7.29,49.52,82.66,5.0,62.19
5.24,7.67,58.4,61.09,0.0,45.44
6.23,6.24,84.32,60.65,3.0,65.24
2.95,7.05,65.22,82.84,0.0,49.97
4.49,3.27,46.46,57.54,2.0,32.26
1.66,6.01,83.82,70.02,4.0,58.96
5.8,7.68,75.97,85.51,0.0,60.09
6.29,5.53,73.08,63.27,5.0,50.79
4.03,7.09,75.74,100.0,4.0,58.58
8.15,7.67,100.0,96.36,2.0,78.95
2.55,6.49,97.78,54.43,5.0,57.53
2.07,7.26,54.7,64.01,4.0,50.67
5.45,5.56,89.36,43.71,2.0,54.41
7.09,6.69,70.75,66.26,4.0,63.98
8.37,7.92,72.49,89.5,4.0,70.35
4.08,7.24,39.62,71.79,1.0,47.17
7.16,6.12,62.44,84.91,5.0,62.05
4.92,7.34,52.81,55.16,5.0,54.36
4.65,8.07,77.42,89.97,0.0,55.79
6.77,3.93,81.07,69.67,5.0,56.75
6.3,8.74,33.88,78.18,5.0,56.28
1.85,6.5,64.67,76.61,4.0,52.93
7.95,7.64,81.83,58.93,3.0,69.44
7.76,8.8,62.2,60.7,1.0,57.02
3.75,4.94,75.94,92.52,0.0,47.72
5.79,5.94,70.27,83.98,1.0,53.12
5.99,6.57,70.12,93.75,0.0,59.48
5.52,5.82,60.93,82.87,2.0,48.77
3.9,9.6,46.75,80.14,4.0,40.47
3.66,5.71,48.18,52.11,5.0,39.51
4.95,6.17,75.64,73.94,5.0,58.31
7.35,7.31,65.29,77.59,3.0,61.46
6.09,5.2,62.92,100.0,1.0,53.86
4.26,6.41,58.64,88.3,1.0,54.41
6.54,7.48,60.42,100.0,1.0,56.87
0.0,6.5,80.7,86.96,5.0,54.43
7.3,6.86,59.97,67.33,1.0,60.31
1.52,6.21,44.88,79.76,4.0,44.82
4.28,4.73,76.15,81.54,0.0,42.92
2.76,7.48,61.93,63.91,5.0,60.06
2.41,9.63,65.47,72.23,4.0,42.62
7.32,7.03,89.11,74.91,2.0,65.65
4.06,7.34,64.69,100.0,4.0,60.61
5.69,8.04,69.34,46.79,4.0,58.41
4.91,5.1,47.32,96.09,2.0,40.52
5.95,9.55,61.7,63.95,4.0,49.18
5.15,7.3,74.14,57.42,0.0,58.36
2.43,9.45,41.67,95.7,5.0,39.71
6.99,5.9,68.01,88.98,3.0,52.5
4.01,9.73,66.51,96.82,2.0,48.32
1.89,8.16,65.62,90.01,5.0,57.42
4.14,7.83,80.56,100.0,1.0,59.67
8.0,7.35,70.02,86.38,0.0,62.14
6.7,6.63,87.17,75.65,3.0,75.26
4.3,8.8,50.1,83.14,0.0,47.44
4.3,7.21,67.04,96.65,0.0,52.75
4.36,4.05,66.27,66.31,1.0,41.79
9.15,5.32,48.96,68.22,3.0,55.2
5.76,6.72,79.34,73.37,0.0,61.81
5.86,7.46,99.87,46.43,1.0,57.15
7.06,6.92,64.74,80.07,2.0,59.89
5.48,8.83,72.58,49.71,1.0,59.38
4.48,4.07,66.27,78.8,4.0,48.14
4.61,7.22,54.3,90.98,5.0,54.58
4.86,4.27,37.69,70.85,1.0,39.18
4.93,8.14,54.41,100.0,1.0,58.19
6.46,6.86,44.12,56.09,1.0,49.4
5.1,7.63,90.56,95.87,0.0,67.48
6.47,5.7,63.27,88.13,3.0,61.41
4.84,8.92,59.81,52.26,1.0,47.84
5.16,8.56,78.34,100.0,1.0,64.65
1.0,7.88,48.17,77.04,4.0,51.65
6.83,6.81,53.5,64.84,4.0,60.54
5.69,7.87,66.02,56.89,2.0,54.22
7.0,5.94,80.43,74.7,2.0,60.33
0.0,8.28,72.53,76.09,4.0,54.8
9.18,9.47,68.72,79.54,3.0,55.84
4.72,8.61,66.17,73.53,2.0,56.31
7.22,5.91,71.0,87.5,5.0,61.57
2.92,7.54,68.02,72.19,5.0,54.56
6.23,5.06,49.55,48.98,3.0,44.87
2.89,7.86,65.69,75.76,4.0,54.63
3.75,7.68,48.89,42.49,2.0,47.31
8.83,4.2,66.22,83.31,1.0,57.38
4.62,5.26,57.79,63.31,4.0,42.79
5.43,6.58,100.0,80.45,2.0,69.15
6.74,6.55,64.4,97.71,3.0,64.23
5.99,5.19,43.94,63.77,5.0,47.11
5.3,7.58,62.99,93.92,3.0,60.32
5.73,7.38,72.79,71.5,2.0,57.41
9.81,6.71,90.1,100.0,3.0,83.45
4.88,5.87,56.16,72.52,2.0,52.88
5.4,8.57,41.26,65.39,2.0,51.08
7.1,9.48,77.25,88.31,3.0,59.73
7.21,6.27,44.29,71.46,0.0,53.03
7.37,6.08,58.46,65.38,1.0,60.62
6.28,7.74,61.14,70.83,4.0,53.04
2.71,6.46,63.96,77.33,5.0,55.39
8.27,6.79,75.34,98.13,1.0,66.94
2.71,8.11,54.75,48.99,4.0,48.46
5.61,4.14,60.89,78.35,4.0,51.42
3.49,8.98,64.79,87.37,5.0,58.62
4.87,7.11,67.24,80.9,1.0,55.66
5.66,6.38,66.47,97.65,5.0,60.82
5.64,6.87,71.54,76.88,2.0,60.1
5.84,6.94,77.66,75.23,5.0,68.13
8.23,4.4,70.89,86.88,3.0,54.98
5.91,9.24,71.8,79.49,0.0,43.51
4.51,7.06,41.27,72.14,0.0,52.73
6.93,7.66,65.75,85.74,0.0,61.18
7.38,8.43,72.19,68.21,1.0,61.52
2.54,5.47,75.93,68.83,1.0,49.38
6.19,7.71,54.61,70.08,2.0,56.17
6.4,6.6,55.11,98.3,0.0,61.33
4.4,8.27,56.39,30.0,2.0,51.29
7.75,3.81,73.05,83.93,0.0,47.55
4.7,6.85,80.51,78.51,1.0,61.44
5.25,6.1,58.89,52.79,3.0,59.26
4.65,7.65,78.62,82.65,3.0,59.29
5.03,7.71,66.85,85.14,3.0,56.92
2.81,5.94,63.14,86.84,5.0,47.87
2.12,5.93,61.83,38.22,3.0,42.84
8.19,6.83,76.2,98.5,4.0,73.25
3.31,5.66,69.88,66.93,0.0,38.39
3.02,8.26,99.14,88.3,3.0,66.56
0.69,6.45,52.22,89.12,4.0,46.92
3.72,3.0,72.77,64.85,4.0,42.22
2.35,6.44,57.06,87.91,4.0,50.11
8.28,5.44,51.96,72.22,2.0,53.15
7.02,4.55,64.84,46.93,2.0,50.65
3.62,5.14,67.06,95.52,4.0,48.81
9.5,7.16,100.0,66.37,5.0,74.71
6.96,8.99,62.24,65.18,3.0,59.42
4.35,7.47,48.05,71.95,0.0,49.83
0.0,6.09,69.1,82.08,5.0,50.32
9.58,7.68,33.88,77.14,1.0,52.09
2.22,6.31,63.62,86.22,2.0,53.98
1.71,5.96,65.24,57.91,3.0,46.98
7.05,5.27,76.92,66.86,3.0,56.98
9.88,4.37,79.6,76.26,1.0,55.14
7.77,6.42,57.45,100.0,1.0,61.47
6.13,7.24,62.74,76.29,3.0,60.44
6.19,6.86,53.51,94.28,1.0,54.68
6.71,6.38,48.08,78.58,3.0,58.87
6.52,5.58,69.65,70.75,5.0,54.66
5.56,7.91,45.9,74.3,1.0,51.13
5.21,5.02,58.78,75.47,5.0,49.47
4.87,8.16,50.07,87.05,5.0,58.98
3.49,5.5,73.25,98.62,1.0,50.09
4.44,5.87,92.02,83.4,3.0,58.95
1.61,4.8,45.48,95.81,4.0,36.46
4.8,6.25,37.2,63.53,3.0,48.0
3.02,8.46,63.13,71.78,0.0,48.38
2.79,7.77,65.24,67.14,1.0,47.32
5.36,8.47,68.28,82.72,2.0,60.01
7.78,7.78,58.31,72.62,1.0,60.52
6.84,5.34,61.99,88.95,0.0,50.24
1.86,6.5,70.51,64.03,5.0,56.7
3.02,5.83,80.61,78.65,2.0,51.91
6.88,9.0,35.67,88.3,2.0,49.9
3.04,5.2,59.47,47.02,3.0,44.35
4.55,8.34,68.21,100.0,4.0,64.52
6.1,8.34,51.23,73.75,3.0,59.17
3.06,9.74,90.97,47.62,2.0,47.82
5.21,6.39,55.47,80.37,2.0,48.07
2.33,8.07,64.38,78.5,4.0,56.91
3.8,10.42,73.34,76.77,1.0,44.06
5.64,6.07,56.13,92.87,4.0,61.18
1.81,4.7,37.3,89.21,5.0,38.58
5.88,4.18,58.57,82.47,3.0,53.28
4.96,8.07,80.44,84.75,1.0,59.72
6.1,4.18,59.95,76.43,3.0,46.08
5.45,6.44,52.3,100.0,4.0,56.86
7.73,7.66,78.89,55.81,1.0,60.26
5.25,7.28,60.04,80.09,4.0,55.75
4.14,7.64,57.35,78.98,5.0,51.18
5.24,7.33,67.24,90.2,0.0,58.75
6.09,8.92,76.56,65.34,2.0,67.49
5.1,5.57,100.0,51.84,1.0,62.44
5.08,5.98,77.41,80.35,2.0,52.78
3.6,5.84,82.4,82.22,0.0,50.16
3.67,8.25,57.41,100.0,1.0,57.16
2.19,8.35,49.61,58.94,2.0,45.46
8.5,7.68,65.93,95.32,2.0,67.61
2.51,8.78,66.61,100.0,1.0,52.91
3.61,5.23,48.82,72.33,2.0,43.87
3.56,9.5,62.37,58.64,2.0,37.72
6.79,9.28,70.99,71.9,1.0,52.85
4.41,8.1,70.41,78.21,2.0,58.59
7.5,9.67,72.56,86.46,2.0,55.73
3.65,4.52,69.36,69.13,3.0,47.6
5.56,6.21,57.39,100.0,5.0,62.48
3.33,5.9,57.29,61.28,3.0,42.51
9.29,8.08,47.02,51.91,0.0,55.93
2.62,5.42,91.77,94.6,3.0,50.72
5.62,8.14,65.2,43.88,3.0,57.56
6.27,9.06,61.63,74.94,0.0,49.68
5.83,8.04,51.07,100.0,2.0,55.5
4.63,7.43,100.0,77.82,2.0,64.18
4.74,5.52,48.9,61.19,3.0,41.68
5.09,5.73,58.57,77.14,0.0,45.96
4.71,8.87,71.24,77.24,2.0,58.98
6.93,8.17,74.0,80.41,4.0,71.65
9.42,6.94,79.37,87.93,1.0,75.64
3.89,6.37,92.11,62.41,1.0,62.32
2.26,3.96,72.59,100.0,5.0,47.97
4.82,5.39,49.16,81.68,1.0,40.7
10.16,9.87,61.15,88.9,3.0,64.14
3.39,5.08,69.62,68.58,1.0,43.23
8.28,7.28,96.02,97.3,1.0,75.64
8.36,8.51,44.03,74.14,4.0,62.07
3.89,5.12,83.04,82.16,2.0,52.22
6.14,7.28,67.7,64.0,4.0,64.67
8.26,8.41,77.57,63.05,3.0,68.86
4.24,7.02,63.47,88.32,1.0,58.08
4.59,11.3,52.36,71.35,2.0,39.45
3.84,4.5,76.26,65.19,5.0,49.47
2.97,8.59,74.82,68.35,5.0,58.37
3.7,6.74,79.58,88.48,1.0,58.6
2.55,8.16,64.8,68.56,1.0,45.6
5.07,7.66,56.0,76.24,5.0,55.03
3.46,5.9,41.62,78.23,5.0,46.36
5.47,7.34,77.29,49.24,3.0,55.88
1.89,4.21,71.36,55.93,1.0,35.88
5.66,7.9,50.51,83.04,5.0,55.35
6.67,7.45,56.92,66.94,0.0,53.32
1.01,7.96,58.0,93.85,5.0,51.41
5.75,8.59,42.76,92.5,2.0,52.68
7.46,7.55,52.73,88.79,2.0,55.9
2.58,7.22,47.99,100.0,0.0,46.49
8.35,5.68,58.81,76.75,3.0,53.87
5.84,5.93,53.92,87.73,1.0,47.56
3.59,8.78,40.59,69.23,1.0,46.76
4.89,9.15,95.34,100.0,5.0,65.85
6.12,6.64,83.79,100.0,2.0,63.98
5.15,7.07,53.31,78.18,3.0,59.95
6.08,5.64,69.09,83.8,3.0,54.08
3.16,8.76,71.26,98.39,3.0,56.89
5.34,8.0,82.87,75.79,5.0,63.96
2.17,9.91,52.72,68.15,1.0,34.29
4.78,5.68,81.38,91.11,3.0,63.39
3.19,6.43,56.78,79.18,5.0,49.9
3.53,7.35,44.96,80.74,5.0,45.73
7.47,7.97,75.86,65.49,0.0,62.77
7.18,6.68,84.36,52.23,4.0,68.8
6.22,5.69,100.0,81.54,3.0,65.22
2.82,8.32,47.0,91.57,4.0,52.84
4.37,8.08,75.48,74.61,1.0,53.96
7.43,5.63,58.85,99.55,5.0,56.89
5.28,9.03,76.75,67.44,3.0,52.58
9.64,8.76,42.94,62.18,2.0,64.1
5.79,7.2,46.06,76.99,1.0,53.6
5.38,7.12,53.36,76.76,0.0,53.82
4.38,7.83,66.18,89.55,0.0,51.97
5.27,5.71,55.38,66.38,4.0,50.29
4.7,7.05,74.89,98.52,5.0,62.01
6.42,3.77,80.4,100.0,4.0,62.57
6.91,8.31,73.99,77.41,2.0,60.97
3.43,4.66,89.28,96.75,2.0,50.88
2.34,9.26,71.24,62.15,0.0,35.01
1.33,6.5,46.75,94.13,3.0,47.08
6.02,6.68,85.45,93.71,0.0,65.17
2.79,6.06,55.92,90.95,0.0,53.34
0.69,6.57,78.66,77.77,2.0,54.18
5.78,9.13,88.61,33.69,4.0,51.43
9.99,3.27,71.85,68.37,2.0,57.43
4.99,8.92,42.56,68.61,5.0,49.18
6.68,7.51,51.23,63.33,2.0,52.82
5.16,5.19,84.84,79.83,2.0,55.65
4.8,5.39,62.46,71.72,0.0,41.62
6.84,9.51,66.19,65.63,3.0,54.46
4.42,5.58,76.38,62.12,0.0,54.62
5.53,5.27,75.44,67.27,1.0,49.94
5.64,8.71,69.18,94.82,2.0,59.92
3.66,7.51,61.87,68.08,2.0,51.76
6.98,5.59,60.31,70.28,1.0,49.11
4.65,7.32,77.87,71.15,2.0,60.26
3.49,5.46,73.3,83.08,2.0,45.41
6.07,8.65,61.14,84.84,5.0,63.76
3.2,8.59,81.23,32.33,2.0,58.39
5.06,7.8,63.06,93.32,1.0,51.37
4.98,7.54,52.23,99.55,0.0,50.0
7.17,9.64,53.62,62.25,2.0,45.02
5.95,7.0,50.32,63.42,3.0,55.95
4.95,5.23,60.91,71.25,1.0,48.2
6.64,7.67,83.51,66.66,4.0,69.8
7.78,10.13,52.92,81.36,5.0,47.33
6.12,5.48,67.83,48.8,1.0,46.19
5.02,6.46,55.15,61.23,0.0,47.17
2.38,7.62,61.1,100.0,1.0,51.53
2.87,6.92,42.35,64.08,4.0,46.53
4.39,5.53,61.69,96.65,5.0,49.18
3.78,8.68,62.09,83.33,3.0,54.18
4.63,10.48,73.1,50.86,4.0,47.74
5.11,7.29,68.35,87.53,1.0,56.51
6.06,5.64,47.02,76.23,4.0,48.64
4.86,4.68,81.26,71.17,1.0,54.87
5.97,7.39,68.15,81.67,3.0,67.88
5.13,8.66,67.98,85.12,3.0,53.94
1.05,7.71,64.86,88.61,0.0,47.73
3.12,7.0,57.23,95.67,3.0,62.83
4.71,6.12,68.27,84.12,2.0,59.72
2.58,5.36,72.13,57.37,4.0,46.11
6.2,8.25,38.8,70.9,4.0,57.45
8.06,8.37,56.92,100.0,1.0,63.56
7.44,4.68,61.18,88.87,3.0,56.06
4.57,9.38,68.84,100.0,0.0,47.26
7.98,7.86,82.9,98.93,0.0,69.81
5.3,9.1,53.42,81.63,0.0,44.49
4.33,4.99,57.53,82.52,5.0,51.18
3.77,4.95,57.31,77.45,2.0,41.7
4.4,6.78,52.98,51.93,3.0,48.96
4.22,7.75,59.79,78.27,0.0,45.79
5.34,9.69,76.56,96.16,2.0,52.04
5.32,8.06,49.19,69.01,4.0,57.34
5.01,6.64,71.42,84.18,1.0,60.07
5.87,5.46,39.47,90.77,3.0,43.57
7.38,8.85,56.58,64.35,3.0,53.73
6.9,5.55,60.06,71.23,5.0,54.89
2.03,9.44,90.12,62.73,4.0,51.69
0.0,6.57,60.88,65.67,3.0,43.31
6.87,9.39,31.98,58.69,5.0,38.56
2.27,8.02,35.02,64.49,5.0,42.43
4.55,6.79,65.51,99.29,5.0,63.5
2.66,6.22,74.21,64.27,3.0,58.12
1.4,6.49,70.63,79.9,3.0,51.66
6.08,7.64,67.51,70.46,3.0,63.78
6.52,7.12,82.43,95.68,2.0,70.7
3.85,6.11,56.91,97.67,5.0,54.68
0.0,6.75,78.42,90.96,2.0,55.59
3.91,7.12,40.52,82.59,1.0,47.7
5.78,3.81,51.43,74.53,3.0,39.42
2.04,7.69,37.89,60.12,4.0,48.13
5.37,5.53,60.88,100.0,0.0,49.22
4.97,5.27,64.31,66.6,1.0,40.33
6.16,4.47,66.71,87.95,0.0,46.33
5.24,4.31,65.93,93.89,0.0,43.58
3.05,4.97,51.09,69.67,3.0,37.82
7.39,5.94,62.15,93.57,4.0,58.32
4.68,9.93,42.54,89.46,0.0,37.11
4.95,6.21,85.45,100.0,5.0,68.57
3.13,7.27,60.45,70.96,0.0,48.21
4.11,7.6,57.67,58.71,1.0,51.31
3.23,7.2,88.83,70.42,4.0,59.73
4.65,6.88,46.37,81.13,4.0,57.17
8.42,5.21,48.12,78.87,0.0,45.27
2.26,9.18,48.56,72.1,4.0,40.45
1.77,9.71,63.98,49.36,1.0,39.7
7.94,4.48,71.47,85.06,1.0,54.12
4.58,5.46,76.1,100.0,1.0,54.02
3.66,6.58,100.0,84.96,5.0,66.3
7.08,5.55,31.26,87.14,3.0,45.05
3.79,7.76,74.13,86.59,0.0,60.62
8.65,5.91,56.64,83.96,4.0,61.76
6.36,10.25,56.2,91.97,1.0,47.76
4.02,8.79,55.7,83.93,0.0,44.77
9.31,7.32,51.37,73.31,0.0,57.43
3.79,8.54,90.27,66.06,3.0,67.11
6.48,8.66,77.63,74.27,5.0,68.62
5.6,6.15,65.35,82.71,4.0,63.18
7.6,5.78,85.27,73.26,5.0,65.84
8.12,7.12,42.31,82.72,4.0,58.35
5.06,8.29,45.04,84.59,1.0,51.94
3.49,7.21,32.33,90.5,1.0,39.81
5.92,4.63,54.51,97.24,0.0,41.06
3.64,5.8,67.43,79.17,4.0,48.68
9.03,6.89,66.54,58.38,4.0,67.09
5.27,6.89,67.24,72.82,5.0,56.74
4.27,9.96,43.83,78.66,1.0,37.59
5.37,4.92,77.05,50.46,2.0,46.09
2.31,7.76,68.59,98.83,0.0,49.9
3.06,9.23,76.0,80.14,4.0,53.33
7.4,10.41,36.61,83.72,3.0,44.12
3.69,6.39,69.67,98.48,3.0,56.67
2.91,7.74,47.18,68.55,2.0,46.7
6.07,7.85,59.04,86.61,1.0,53.18
7.37,7.29,73.02,76.35,1.0,64.54
6.44,6.85,66.37,75.24,1.0,62.54
6.99,7.65,52.23,66.42,5.0,61.92
3.49,3.2,65.09,100.0,3.0,49.83
2.16,8.02,42.03,72.37,1.0,36.39
8.0,7.19,82.25,88.49,3.0,71.78
4.35,6.67,61.92,49.87,2.0,47.46
4.5,10.07,81.78,95.7,0.0,49.2
7.66,5.99,57.1,93.78,5.0,60.1
6.11,6.4,57.15,79.46,4.0,66.69
5.91,9.99,53.54,74.6,2.0,44.19
9.33,5.75,78.14,84.0,3.0,65.55
3.71,6.17,54.36,100.0,2.0,56.85
6.86,6.78,74.67,51.55,4.0,63.23
5.11,8.26,59.26,89.73,5.0,66.23
5.54,7.31,35.36,64.33,0.0,47.45
8.06,5.06,56.45,77.7,4.0,57.35
6.02,6.2,47.31,74.28,5.0,51.66
6.08,6.09,65.51,71.58,3.0,66.09
7.15,6.88,47.14,77.84,4.0,56.94
4.27,7.64,78.89,60.99,2.0,57.7
3.32,7.63,63.63,93.44,1.0,51.81
2.91,4.34,62.34,51.09,2.0,34.53
1.07,8.6,74.84,86.1,3.0,50.11
9.11,7.38,79.46,73.1,0.0,67.85
2.79,9.08,64.7,60.44,4.0,37.51
4.56,7.67,53.43,81.04,0.0,49.99
4.45,8.65,38.39,54.65,3.0,49.57
5.61,7.7,54.71,78.6,4.0,59.82
6.63,9.02,55.74,56.66,5.0,51.29
6.72,7.78,66.61,84.92,5.0,63.19
3.83,6.85,59.82,64.13,2.0,46.67
4.67,10.41,75.32,71.24,2.0,50.06
5.57,8.33,55.81,82.41,3.0,56.06
4.5,7.86,64.14,66.41,5.0,57.81
8.21,5.09,82.76,77.13,4.0,62.52
5.98,5.07,70.13,55.29,5.0,54.98
6.47,7.44,64.1,87.46,2.0,66.81
6.33,7.22,55.97,100.0,3.0,65.62
7.35,6.08,55.5,100.0,5.0,58.73
5.36,7.21,52.24,79.37,3.0,54.6
2.41,9.38,56.88,89.82,5.0,40.3
5.8,8.04,76.33,51.29,0.0,59.56
3.7,5.29,61.67,100.0,5.0,51.47
3.94,6.83,44.75,89.64,2.0,52.03
6.17,5.79,91.52,70.74,4.0,61.44
7.48,6.42,69.8,96.56,2.0,63.16
5.04,6.38,43.9,74.18,2.0,47.9
5.62,6.28,58.37,71.13,2.0,51.14
8.4,5.12,66.66,85.13,3.0,54.76
5.48,6.81,90.57,62.05,1.0,58.38
10.2,6.16,48.38,93.32,1.0,61.13
6.13,3.0,79.64,62.16,0.0,41.49
1.48,10.08,85.99,62.25,2.0,43.93
6.51,8.63,55.57,64.35,1.0,55.89
5.76,6.44,60.84,89.39,0.0,57.76
7.58,7.03,49.46,68.75,3.0,61.79
6.35,5.24,61.95,57.78,2.0,48.29
4.72,9.54,64.45,68.91,4.0,45.31
2.55,9.85,74.89,77.52,3.0,51.89
4.58,7.24,81.35,60.29,0.0,59.38
3.3,8.54,53.78,60.72,3.0,49.69
3.84,7.26,35.49,100.0,4.0,51.09
6.18,4.99,64.68,65.09,3.0,51.18
8.34,6.38,69.4,73.15,0.0,62.24
5.79,7.2,68.74,72.49,4.0,62.17
2.61,6.32,60.1,71.68,4.0,53.64
5.89,6.67,66.87,87.32,3.0,59.84
7.39,6.86,87.73,92.22,4.0,68.46
3.78,6.88,70.73,73.41,3.0,50.67
4.73,7.08,59.4,59.45,2.0,55.37
5.03,5.41,57.5,97.12,4.0,47.18
3.43,5.92,62.45,76.57,3.0,49.2
6.3,5.07,89.55,100.0,2.0,57.8
4.76,8.47,62.25,44.32,4.0,50.79
5.84,3.84,64.7,80.93,2.0,44.67
3.23,8.73,57.77,100.0,5.0,57.97
4.13,9.08,81.48,72.7,4.0,48.97
6.44,6.55,94.4,74.62,5.0,70.52
4.25,3.1,71.76,82.43,0.0,40.93
8.45,6.46,66.24,69.62,0.0,58.09
4.2,6.9,65.55,73.32,3.0,60.54
5.45,5.48,29.24,72.93,1.0,32.93
6.87,6.23,76.18,68.59,5.0,66.45
2.16,9.3,67.01,96.43,5.0,51.63
1.48,8.0,71.43,84.92,0.0,45.88
1.95,5.61,54.33,81.76,5.0,43.88
7.53,4.6,59.23,90.13,1.0,51.46
3.9,6.51,58.83,74.03,2.0,50.04
10.12,6.68,80.32,66.39,2.0,71.36
3.87,7.74,59.32,68.96,1.0,52.42
5.37,6.2,96.24,78.03,5.0,69.58
8.08,7.77,71.46,62.11,5.0,69.87
9.01,9.9,45.86,70.5,5.0,53.31
9.12,8.22,63.07,70.26,3.0,64.16
7.42,6.93,55.22,100.0,4.0,67.97
7.05,6.73,32.08,36.39,1.0,43.39
6.19,6.46,88.99,75.31,1.0,68.03
6.56,8.77,75.55,100.0,1.0,63.04
3.9,6.06,73.0,79.83,1.0,55.26
3.36,7.07,67.48,89.3,1.0,54.03
4.99,7.08,44.27,79.5,5.0,55.76
4.66,6.25,57.75,67.99,3.0,47.04
4.09,4.94,77.63,44.37,0.0,44.77
6.39,7.48,49.23,81.08,5.0,59.18
6.91,6.91,27.02,66.37,5.0,53.05
5.18,7.75,61.59,65.99,4.0,59.03
7.96,6.2,62.87,70.52,0.0,60.91
2.72,8.83,67.03,100.0,1.0,48.23
4.61,5.68,75.93,100.0,0.0,49.74
3.57,9.57,74.56,81.26,3.0,49.38
1.27,4.38,68.88,71.03,2.0,39.09
4.83,7.65,82.93,60.34,5.0,61.33
4.76,7.71,42.22,85.03,0.0,50.49
8.03,5.81,72.57,100.0,4.0,63.78
6.26,7.64,74.4,74.29,3.0,66.19
2.95,8.92,46.41,42.32,2.0,46.49
8.71,3.67,42.46,88.05,3.0,48.81
7.44,7.75,53.81,92.78,1.0,61.42
6.16,3.26,55.08,54.21,2.0,37.87
4.55,5.55,76.3,80.65,4.0,57.65
3.08,9.44,55.78,84.77,2.0,41.81
4.26,6.13,52.15,76.9,4.0,53.1
7.18,5.24,55.83,66.14,1.0,44.65
8.77,6.7,81.78,93.24,4.0,73.25
8.09,10.1,65.2,71.95,3.0,49.95
4.02,4.25,62.31,55.72,0.0,40.22
2.76,5.42,63.35,47.26,3.0,45.25
5.28,9.25,84.38,96.91,5.0,62.75
1.46,9.79,53.76,87.25,3.0,45.28
5.65,6.84,84.73,79.32,2.0,63.31
4.7,5.14,68.16,71.4,1.0,48.72
4.07,10.14,62.59,70.07,5.0,42.25
1.81,9.39,100.0,61.86,5.0,52.01
6.03,8.02,49.17,71.53,5.0,53.09
3.93,5.78,59.69,46.2,0.0,42.11
2.66,6.93,46.51,66.96,4.0,46.54
0.0,6.76,79.29,73.34,2.0,43.82
4.94,7.5,90.34,87.15,1.0,62.52
8.54,9.18,90.05,77.4,0.0,66.02
8.32,8.32,83.36,89.92,3.0,73.84
4.09,5.38,62.04,98.24,1.0,50.0
3.8,9.06,59.52,93.87,5.0,49.67
5.94,7.47,39.93,85.06,1.0,50.83
3.0,8.03,95.54,78.18,1.0,60.86
5.6,9.2,72.03,63.29,3.0,51.4
6.53,5.33,57.62,89.1,4.0,50.78
7.45,6.95,84.92,100.0,2.0,73.47
4.8,6.2,50.41,83.13,5.0,59.96
4.59,4.65,71.1,100.0,4.0,52.53
3.24,7.52,62.41,55.12,0.0,45.86
3.35,10.77,74.58,60.69,5.0,43.22
4.55,4.24,64.05,90.83,2.0,51.46
5.73,6.95,43.24,81.96,0.0,48.99
6.83,7.96,66.13,97.71,3.0,67.06
3.39,7.18,80.73,77.77,4.0,60.21
7.99,6.83,64.56,64.98,5.0,64.9
4.46,5.05,76.63,74.8,1.0,46.77
4.96,7.35,49.32,55.01,2.0,46.73
3.51,5.86,64.61,61.07,5.0,51.19
0.15,3.72,55.63,92.59,1.0,28.5
6.77,8.79,76.2,91.09,5.0,70.99
6.47,8.44,65.47,83.45,0.0,59.09
4.44,7.08,75.35,52.18,1.0,57.03
5.13,7.34,81.32,72.62,1.0,58.71
6.03,8.61,75.37,59.63,5.0,67.2
1.87,7.34,69.1,95.65,3.0,54.48
3.94,8.36,50.03,69.24,3.0,58.32
6.59,6.55,64.96,61.71,4.0,56.26
2.49,8.97,57.0,78.45,0.0,54.25
5.59,7.48,59.84,68.4,3.0,56.6
2.29,7.29,59.38,100.0,5.0,56.49
5.93,5.09,50.3,66.98,3.0,44.18
4.93,7.43,35.64,57.01,4.0,43.41
1.77,5.75,54.98,45.71,2.0,34.92
7.33,6.04,67.9,77.54,4.0,64.41
3.53,5.78,44.78,69.57,1.0,39.58
3.38,5.4,65.24,56.57,1.0,45.52
5.4,10.19,93.5,95.84,3.0,59.16
7.3,9.0,80.35,88.01,3.0,69.85
2.97,9.88,89.65,77.58,4.0,52.89
5.12,5.17,70.87,98.46,4.0,50.32
5.86,7.11,82.51,87.94,5.0,64.13
6.39,5.06,54.14,65.66,0.0,39.78
5.35,5.96,55.33,62.41,5.0,49.55
4.27,5.62,23.91,90.27,1.0,30.79
3.34,8.86,82.79,83.95,5.0,61.16
5.17,6.41,88.1,80.55,4.0,63.11
2.86,8.6,56.7,65.3,5.0,53.56
0.0,7.91,61.19,87.12,2.0,47.52
5.87,10.46,53.69,66.67,0.0,39.14
6.81,4.78,70.74,76.47,4.0,49.73
0.27,8.89,81.87,99.7,3.0,55.01
2.98,8.72,38.86,68.09,5.0,48.33
6.24,5.54,71.14,54.41,4.0,56.37
9.11,8.51,60.85,62.21,3.0,69.52
5.04,7.5,66.7,92.91,3.0,64.14
3.54,6.66,71.88,81.82,1.0,55.83
4.63,5.76,62.18,76.07,1.0,46.56
7.75,5.92,63.45,70.36,4.0,55.77
3.71,10.07,61.79,85.28,4.0,49.6
3.4,7.0,79.55,65.26,2.0,57.04
4.03,8.17,71.28,82.58,0.0,57.01
3.09,5.81,68.31,67.03,0.0,41.97
5.25,5.83,45.94,64.54,4.0,42.57
8.25,8.62,59.32,68.44,1.0,59.05
5.65,4.98,78.48,72.37,5.0,55.6
4.5,6.38,65.57,77.27,2.0,56.75
4.42,7.05,74.89,81.53,0.0,54.7
1.87,7.17,91.5,30.0,4.0,55.02
6.77,6.73,80.58,65.89,1.0,66.61
4.84,7.59,66.4,72.13,1.0,50.35
4.64,8.04,57.34,100.0,1.0,49.2
11.39,8.1,26.7,61.8,5.0,65.07
5.6,5.52,62.47,80.44,3.0,47.41
3.5,6.57,60.11,100.0,5.0,57.54
4.15,8.79,70.86,58.31,1.0,55.35
7.3,8.34,62.69,83.91,4.0,64.46
5.23,4.94,60.19,65.97,2.0,45.41
2.12,7.53,38.31,70.43,5.0,45.81
6.84,4.03,50.9,65.95,4.0,53.6
3.66,7.07,72.15,67.02,1.0,59.24
8.75,9.85,90.74,100.0,2.0,62.98
7.16,5.58,63.54,90.67,0.0,56.49
4.11,5.75,69.92,94.53,0.0,51.06
7.56,8.15,79.29,85.38,4.0,70.32
5.14,4.69,52.84,53.91,2.0,38.29
6.71,6.05,70.5,83.92,4.0,67.04
5.97,7.89,53.89,94.09,2.0,57.0
3.31,6.05,77.97,65.2,2.0,54.71
3.71,6.65,67.27,92.48,4.0,56.9
7.06,8.12,69.48,88.57,2.0,67.31
4.33,7.63,53.26,100.0,5.0,56.15
4.19,7.4,75.61,71.73,1.0,54.38
3.09,6.49,96.27,61.54,2.0,62.76
5.85,7.56,49.88,72.58,5.0,57.03
9.13,6.81,59.9,99.53,2.0,66.92
2.86,7.69,68.47,50.57,5.0,56.98
5.05,6.25,76.8,46.97,4.0,63.46
7.82,6.73,56.61,79.34,0.0,52.24
4.84,5.52,22.5,71.36,3.0,36.66
5.9,6.95,85.39,78.12,2.0,61.08
2.88,5.78,76.41,92.18,3.0,51.06
5.86,5.33,38.86,69.71,2.0,42.2
4.63,7.39,55.89,49.9,4.0,51.61
6.97,7.32,88.52,100.0,4.0,70.53
7.37,8.17,86.72,63.04,5.0,67.48
10.18,6.35,79.08,62.11,2.0,73.03
6.16,7.61,62.36,94.56,4.0,67.93
5.65,7.83,66.24,72.23,4.0,54.52
5.39,7.67,63.04,77.05,2.0,56.36
4.29,5.76,81.92,85.24,5.0,60.68
5.68,7.22,51.86,94.25,5.0,60.19
4.41,7.55,52.91,73.0,5.0,51.94
5.34,7.01,80.15,100.0,5.0,67.29
7.64,3.87,64.33,45.96,0.0,45.04
2.99,7.24,85.68,89.4,2.0,59.44
7.28,10.32,54.93,65.41,0.0,43.47
7.63,6.46,64.18,98.58,4.0,67.53
4.76,5.91,51.16,80.13,0.0,42.54
0.76,7.56,65.11,67.91,5.0,52.79
3.78,7.47,42.82,87.94,4.0,50.05
7.59,8.79,57.69,91.4,0.0,56.87
4.95,5.11,43.46,87.63,0.0,47.42
3.0,8.1,75.41,62.55,2.0,53.86
3.99,7.89,75.75,70.74,0.0,47.14
6.68,6.79,39.05,77.94,4.0,59.25
6.09,7.51,85.01,77.38,5.0,72.87
4.52,8.54,100.0,89.25,2.0,69.37
4.27,8.31,65.69,47.78,0.0,51.67
4.22,5.29,55.38,83.01,2.0,51.54
3.16,8.23,100.0,73.65,3.0,61.45
8.23,6.9,45.22,65.42,2.0,57.22
4.36,7.11,65.3,66.86,5.0,64.05
7.43,7.11,67.69,74.78,3.0,70.69
8.04,6.77,85.18,30.0,3.0,64.25
7.0,8.79,70.4,67.48,2.0,67.95
4.14,6.87,57.52,64.86,4.0,56.3
5.81,5.32,50.73,85.99,5.0,55.69
4.95,6.41,59.87,65.92,4.0,58.81
3.19,7.27,49.9,74.77,5.0,52.84
5.65,8.84,65.72,100.0,5.0,71.7
2.64,7.9,56.54,92.92,4.0,52.1
7.38,5.72,42.59,91.53,1.0,54.97
4.07,10.73,83.83,70.5,3.0,54.84
5.4,7.4,57.53,86.15,2.0,60.9
5.57,8.91,45.98,74.49,4.0,54.49
4.48,6.77,62.48,75.06,4.0,58.09
6.17,7.8,66.03,84.15,2.0,56.98
4.05,8.26,38.8,69.05,3.0,46.03
6.74,8.83,69.97,100.0,2.0,67.0
2.31,8.59,49.29,75.6,5.0,45.63
5.25,8.31,90.67,87.28,1.0,64.47
8.88,6.53,72.86,99.83,5.0,80.09
3.0,6.14,59.0,93.47,1.0,51.22
3.64,7.5,53.82,56.87,2.0,51.44
6.03,8.4,63.43,84.67,5.0,65.07
5.36,6.67,74.19,90.76,3.0,62.55
5.7,8.6,64.62,91.38,5.0,63.36
5.98,9.18,61.74,61.3,4.0,49.9
6.27,5.63,65.88,68.14,1.0,44.58
7.22,5.74,55.94,92.92,1.0,56.0
5.82,6.79,59.85,66.57,3.0,56.92
4.52,7.46,33.71,73.5,1.0,47.96
6.35,6.21,79.61,100.0,1.0,67.13
8.8,9.03,69.48,77.28,3.0,58.42
4.73,7.64,53.4,67.1,5.0,56.02
3.05,7.06,93.48,64.84,2.0,60.5
7.21,4.85,66.31,82.99,5.0,61.6
4.76,5.03,49.46,58.0,4.0,43.28
0.65,7.42,77.85,74.29,4.0,54.37
6.69,3.8,70.97,83.0,1.0,45.71
3.93,8.52,70.92,97.49,4.0,61.23
4.82,6.76,58.61,88.01,2.0,60.45
5.66,11.86,71.76,67.29,1.0,44.75
5.38,10.46,61.07,95.68,4.0,46.21
6.42,6.73,73.34,73.51,0.0,56.94
4.13,6.84,36.43,59.46,0.0,39.87
6.03,8.49,58.49,75.42,0.0,57.78
4.48,9.55,90.83,99.57,0.0,56.52
6.48,4.54,53.49,80.48,5.0,40.14
6.23,4.32,55.94,78.19,0.0,43.51
3.13,6.07,58.28,100.0,1.0,52.97
7.17,7.87,46.78,56.53,3.0,52.22
3.93,7.75,31.88,58.72,5.0,45.03
6.62,8.6,61.54,53.76,3.0,61.98
5.73,5.2,67.04,83.59,1.0,51.71
8.68,3.53,64.21,80.5,1.0,49.18
4.55,8.29,62.83,100.0,2.0,57.65
4.3,5.76,65.65,81.65,5.0,52.49
4.96,3.97,80.34,71.94,3.0,50.95
4.39,7.22,62.14,78.03,0.0,48.33
6.6,8.19,56.39,79.77,1.0,55.12
1.77,6.82,60.78,52.92,0.0,46.56
2.89,6.31,73.69,100.0,3.0,58.82
2.86,6.76,86.18,85.8,5.0,60.87
6.9,6.44,55.58,81.15,4.0,58.88
8.42,4.98,66.48,87.23,4.0,61.73
4.79,5.93,70.08,88.64,1.0,50.57
4.66,7.78,50.11,75.89,2.0,53.27
5.14,7.48,65.31,68.53,0.0,52.18
7.32,7.25,43.01,86.99,1.0,52.17
3.15,5.51,38.46,83.79,2.0,39.13
5.48,6.73,70.5,65.85,0.0,55.74
6.95,3.73,59.24,99.29,3.0,52.75
6.0,7.27,68.03,82.4,4.0,65.88
5.38,9.14,64.73,88.95,2.0,48.9
7.0,4.79,50.35,98.88,0.0,48.7
0.0,6.12,64.32,78.33,1.0,43.73
6.36,7.49,46.5,82.75,0.0,54.69
3.69,8.88,85.86,90.15,1.0,61.55
1.34,6.33,44.66,67.13,4.0,42.31
6.02,5.96,62.06,78.81,4.0,52.81
7.75,4.05,49.37,79.88,0.0,45.29
4.73,7.16,73.56,63.66,0.0,58.53
6.91,10.06,60.03,100.0,1.0,52.89
8.22,7.42,57.22,56.89,1.0,55.36
7.63,6.97,77.8,58.53,2.0,61.94
8.28,7.48,65.44,97.71,2.0,64.8
6.48,6.98,72.75,88.7,2.0,62.26
5.15,5.78,50.28,62.61,0.0,36.76
1.8,8.23,43.93,87.11,5.0,50.93
4.51,7.34,66.61,100.0,5.0,61.48
3.31,7.03,60.22,77.55,5.0,57.01
9.34,5.54,74.4,100.0,5.0,67.42
4.65,8.96,63.8,52.14,2.0,52.9
5.25,8.0,68.08,88.41,0.0,55.45
6.1,6.17,40.65,95.5,5.0,57.92
5.09,8.5,93.33,91.37,4.0,67.28
8.39,6.25,62.54,74.93,3.0,64.64
3.75,5.83,75.46,73.64,4.0,57.34
5.39,5.86,52.46,84.66,0.0,47.83
3.52,4.34,69.62,90.24,0.0,44.31
2.36,7.71,45.46,87.04,3.0,43.88
3.78,4.25,71.78,93.6,1.0,47.69
4.93,5.16,59.66,62.72,1.0,45.86
4.14,3.89,65.44,74.58,1.0,42.31
3.62,6.87,75.47,63.9,2.0,56.26
2.19,6.77,46.51,72.21,1.0,43.18
4.83,6.51,54.73,93.23,2.0,57.53
1.99,5.44,71.86,79.62,2.0,49.37
6.52,5.24,96.47,100.0,1.0,64.12
5.16,7.7,62.93,80.9,1.0,53.17
2.08,6.17,73.87,78.9,3.0,52.1
4.38,7.47,63.4,79.59,5.0,61.33
3.5,5.67,94.13,68.43,3.0,52.82
5.64,7.27,38.79,77.13,2.0,51.23
7.68,8.95,66.42,94.92,3.0,65.68
1.25,7.88,40.62,79.71,2.0,38.67
5.23,6.38,27.4,66.1,0.0,45.09
4.68,7.39,69.46,64.12,2.0,58.29
6.34,6.64,67.09,71.25,2.0,55.89
5.43,7.01,60.73,79.11,3.0,59.63
3.5,6.51,63.41,95.9,5.0,60.18
4.36,6.75,100.0,57.89,0.0,64.0
3.41,7.32,61.13,73.2,4.0,54.88
7.15,5.51,72.65,80.16,4.0,63.67
5.04,5.48,55.26,50.49,5.0,46.72
8.8,4.92,69.43,65.5,4.0,57.68
4.88,4.6,61.43,67.8,0.0,39.11
3.58,5.17,58.84,66.06,1.0,38.34
1.97,7.24,92.28,80.88,0.0,53.63
1.39,5.66,82.66,75.59,3.0,49.15
1.83,7.77,67.05,69.67,2.0,49.08
5.53,7.05,30.44,84.42,2.0,49.76
6.02,4.05,59.58,100.0,3.0,46.15
1.84,7.98,100.0,100.0,3.0,62.05
6.79,8.22,61.54,49.16,2.0,54.0
4.03,5.51,81.55,86.66,5.0,63.72
5.29,7.63,86.63,75.33,1.0,62.31
8.22,5.72,68.28,80.33,1.0,57.26
6.79,7.15,52.37,72.03,1.0,55.18
4.46,5.1,28.47,79.76,3.0,42.44
3.22,4.31,75.26,80.27,2.0,40.74
0.7,6.43,52.78,69.32,5.0,46.5
3.56,6.81,67.64,64.55,2.0,48.36
4.58,6.4,46.25,71.27,2.0,42.7
3.03,5.22,61.02,81.51,5.0,45.18
4.74,6.4,65.51,86.98,0.0,56.69
5.15,7.4,69.03,90.8,5.0,61.49
4.55,6.93,48.28,70.59,0.0,49.09
3.7,7.27,82.95,82.26,4.0,62.97
5.34,5.99,56.05,92.44,0.0,48.15
5.88,8.76,39.88,95.48,1.0,56.29
2.82,5.24,63.36,77.12,1.0,40.55
7.82,7.73,65.52,74.69,5.0,67.87
4.8,8.77,67.41,80.87,1.0,51.22
5.04,7.72,85.43,60.75,1.0,60.44
6.42,6.7,61.45,75.1,4.0,60.51
5.47,6.21,63.21,89.17,1.0,54.27
6.91,8.55,48.45,87.63,3.0,59.95
5.57,4.87,77.31,73.95,3.0,51.24
3.78,5.54,67.76,81.27,3.0,54.77
5.72,6.4,58.7,65.63,0.0,45.7
2.71,8.86,36.43,88.55,5.0,49.23
5.22,7.57,86.67,76.83,5.0,67.76
4.93,5.55,46.58,73.86,2.0,42.83
4.58,6.53,56.13,72.57,4.0,53.79
4.74,6.08,70.38,77.06,3.0,59.54
1.24,5.94,47.05,71.28,3.0,40.97
3.9,8.47,42.6,87.87,1.0,43.04
5.19,4.94,33.14,72.07,3.0,36.94
5.32,9.41,75.81,100.0,1.0,49.6
2.94,8.24,56.82,99.98,1.0,48.39
7.53,8.64,100.0,64.63,2.0,72.66
3.27,6.31,50.08,79.05,0.0,48.43
6.94,6.78,51.18,68.24,1.0,58.12
5.85,4.85,56.52,73.1,1.0,47.1
3.71,6.21,68.65,100.0,5.0,63.76
8.55,7.74,57.95,73.39,2.0,58.06
2.61,8.94,74.18,83.4,1.0,58.63
6.84,5.34,50.32,86.12,4.0,51.58
7.0,6.45,44.28,62.99,0.0,54.26
3.66,6.77,38.03,65.17,4.0,42.9
7.78,4.91,31.65,59.91,3.0,42.31
4.5,7.89,57.23,64.71,0.0,52.61
5.58,5.91,60.49,35.25,3.0,47.0
5.52,6.71,55.53,86.17,5.0,57.81
4.73,6.32,83.65,100.0,1.0,67.57
6.62,5.82,83.42,80.22,2.0,56.47
6.59,6.99,59.98,56.76,4.0,58.95
1.5,6.68,38.09,68.36,3.0,43.44
7.61,6.44,56.5,71.12,1.0,64.61
1.68,5.91,56.0,62.74,4.0,40.14
7.07,7.48,55.14,90.9,4.0,61.88
7.25,9.48,54.53,90.15,5.0,52.75
2.82,7.21,55.2,60.67,5.0,51.72
4.18,8.49,59.2,88.88,3.0,57.93
2.79,4.91,55.47,100.0,1.0,44.96
4.57,7.24,68.12,100.0,2.0,62.1
4.38,5.35,70.41,100.0,3.0,51.88
6.56,4.78,51.34,64.47,4.0,50.08
7.62,5.89,84.07,100.0,4.0,67.64
7.79,8.79,50.3,72.69,0.0,58.09
3.88,8.43,40.73,69.11,1.0,47.6
4.58,7.36,70.71,82.91,0.0,61.07
1.63,4.7,52.74,69.27,5.0,37.75
3.39,6.71,69.82,83.99,2.0,54.2
6.93,7.45,28.94,58.2,3.0,50.77
8.23,7.26,85.89,74.42,4.0,76.05
2.53,4.23,75.08,97.28,1.0,44.81
3.82,5.66,42.49,77.14,4.0,46.89
4.95,6.9,42.82,80.12,5.0,56.35
5.56,7.8,90.08,85.13,0.0,63.8
3.38,3.71,53.94,95.56,0.0,38.85
5.85,6.76,52.49,53.17,3.0,52.22
4.05,7.21,31.01,86.77,1.0,45.5
4.97,8.27,59.74,73.98,5.0,55.45
6.09,8.04,61.58,80.5,1.0,57.46
5.01,7.87,75.73,93.9,3.0,66.55
4.13,5.8,44.01,60.09,5.0,46.14
4.78,4.14,42.2,62.81,5.0,41.93
4.82,6.41,71.76,48.97,0.0,53.82
4.26,8.5,80.1,69.76,0.0,57.2
4.48,9.09,41.43,97.96,0.0,36.01
8.2,8.07,81.22,76.19,4.0,70.62
6.12,7.64,65.56,57.9,2.0,57.96
4.41,7.57,81.38,70.71,0.0,54.17
6.39,6.17,63.95,55.68,2.0,52.0
4.33,6.8,27.17,61.12,2.0,45.75
7.35,9.5,62.72,83.83,1.0,51.29
5.74,5.59,80.9,60.39,3.0,56.06
4.79,9.42,51.59,94.69,4.0,48.93
5.9,6.52,59.18,76.93,2.0,54.34
1.86,8.99,62.36,79.28,4.0,50.88
2.75,4.89,21.51,73.82,1.0,32.7
2.61,7.88,90.07,89.59,0.0,57.02
5.29,5.89,51.48,89.75,5.0,51.66
8.47,4.88,72.59,83.03,2.0,56.28
9.46,7.33,63.7,86.47,3.0,66.56
6.28,8.51,83.86,74.82,5.0,72.18
6.0,5.73,71.09,86.13,1.0,46.76
1.4,4.75,61.48,72.93,4.0,38.94
3.91,6.86,51.6,78.03,0.0,49.08
3.42,6.87,76.97,73.88,4.0,64.34
3.76,7.82,36.9,71.14,3.0,43.02
4.66,8.42,74.69,67.66,2.0,54.21
4.06,6.91,48.51,85.02,3.0,49.65
1.04,9.78,83.78,97.66,4.0,50.47
6.5,7.34,67.42,95.57,4.0,66.08
2.85,6.48,74.66,59.15,5.0,52.41
5.48,4.58,66.23,97.34,3.0,52.18
9.15,6.61,38.71,73.23,3.0,63.67
3.16,6.5,52.09,87.01,3.0,52.38
0.0,8.44,75.09,64.41,0.0,45.75
4.43,7.69,67.5,80.13,4.0,60.03
7.2,5.23,82.71,82.71,1.0,59.63
8.92,7.26,71.05,55.73,0.0,58.71
2.54,8.01,50.5,87.12,0.0,45.47
5.99,9.29,53.06,98.19,0.0,45.69
4.07,8.33,66.54,75.38,5.0,57.46
4.79,8.14,30.29,98.4,1.0,49.63
10.29,7.09,90.1,75.15,3.0,75.25
1.99,7.58,71.63,90.74,5.0,56.66
5.51,8.87,83.41,44.72,4.0,58.46
5.94,5.0,41.29,100.0,2.0,46.91
7.17,6.48,83.67,100.0,5.0,76.61
5.2,5.84,98.47,73.73,2.0,59.6
5.62,7.57,45.19,48.42,4.0,53.87
4.22,8.85,76.57,82.32,1.0,57.83
5.54,6.1,65.02,56.34,2.0,48.2
4.31,3.41,41.83,84.67,0.0,33.24
6.24,6.38,72.39,84.17,5.0,65.95
4.26,8.37,77.5,63.88,2.0,57.95
5.75,7.81,55.98,94.81,4.0,61.32
4.94,7.64,82.49,90.08,0.0,59.31
7.25,6.58,40.0,92.64,2.0,60.79
4.9,5.08,42.58,78.13,4.0,43.71
1.45,7.77,67.05,56.77,1.0,45.71
7.52,5.75,65.38,92.67,4.0,62.47
3.19,10.28,54.25,73.94,1.0,36.83
3.69,7.86,77.14,57.15,0.0,60.78
3.81,6.13,72.96,98.28,4.0,61.18
7.75,6.08,77.87,100.0,3.0,71.97
0.73,6.86,63.15,77.38,5.0,48.58
11.28,6.64,74.04,100.0,3.0,80.09
7.11,8.68,58.32,79.37,3.0,62.1
5.45,7.28,95.81,72.29,3.0,66.91
4.89,5.9,52.81,68.54,5.0,46.86
5.57,9.84,96.58,100.0,3.0,57.16
6.04,7.07,65.52,66.3,1.0,58.29
6.29,8.15,44.37,89.03,4.0,53.39
6.11,6.09,85.52,69.61,0.0,66.3
5.18,7.54,66.89,71.1,3.0,54.74
4.61,7.47,77.77,93.45,3.0,62.68
4.7,4.17,83.36,72.3,0.0,44.81
4.61,10.02,70.07,71.93,0.0,43.79
7.27,8.94,56.12,94.99,3.0,62.81
6.19,6.4,79.64,100.0,1.0,66.96
0.0,5.35,65.01,87.67,0.0,32.48
6.31,7.52,75.29,68.18,4.0,62.08
5.39,7.13,32.69,70.34,4.0,52.75
4.96,7.53,71.7,79.2,1.0,60.05
4.22,7.29,55.42,82.81,5.0,49.3
7.25,7.76,89.8,63.18,2.0,68.91
6.9,9.17,74.35,88.85,1.0,51.81
3.45,7.85,68.6,79.28,3.0,54.47
5.81,5.43,72.29,52.26,2.0,49.67
3.06,9.04,50.02,64.07,3.0,43.57
2.24,9.46,89.35,70.44,4.0,46.91
3.75,11.73,94.87,76.91,0.0,42.22
6.72,5.31,70.89,100.0,3.0,59.87
6.91,7.36,88.86,81.57,4.0,71.27
6.03,3.88,56.46,65.39,1.0,45.42
6.45,7.83,53.04,81.31,3.0,57.32
6.03,6.18,65.61,72.72,4.0,65.04
3.72,9.89,71.52,82.87,0.0,43.81
5.86,5.84,59.09,86.71,3.0,54.66
6.6,4.47,73.07,96.14,5.0,63.17
6.51,6.29,69.6,77.64,4.0,63.73
7.38,4.04,50.03,100.0,3.0,52.99
6.42,8.13,72.78,91.62,0.0,60.02
5.7,3.9,77.95,67.39,3.0,50.94
7.14,7.04,67.57,100.0,3.0,62.16
4.95,3.88,82.29,82.9,5.0,52.59
3.24,6.52,46.74,65.47,4.0,45.58
4.67,9.47,72.02,100.0,2.0,54.96
3.51,7.54,47.45,100.0,3.0,57.73
